Workbook

Sheet THONG_TIN_CHUNG
A2: Dự án
A3: Mã dự án
A4: Ngày lập
A5: Ngày update
A6: Người lập
A7: Mô tả
A8: DANH SÁCH HẠNG MỤC
A9: Sản phẩm | B9: số lượng | C9: Đơn vị gia công | D9: mã THCP ĐỐI TƯỢNG trên misa
A10: HRM30A6001 | B10: 10 | C10: TNJ | D10: DX1TNJ0023
A11: HRS20A6003 | B11: 10 | C11: TNJ | D11: DX1TNJ0024
A12: DHRM38A6001 | B12: 10 | C12: TNJ | D12: DX1TNJ0031
A13: SRC18A7501_MC_FSM | B13: 20 | C13: TNJ | D13: DX1TNJ0033
A14: GRU30A05-OF-L | B14: 10 | C14: TNJ | D14: DX1TNJ0039
A15: GRU30A05-OF-R | B15: 10 | C15: TNJ | D15: DX1TNJ0040
A16: NH12ESP01-DC (DRAFT) | D16: DX1TNJ0037
A17: NH12ESP01 (DRAFT) | D17: DX1TNJ0038

Sheet HRM30A6001
A8: CÔNG TY TNHH THƯƠNG MẠI DỊCH VỤ TECHNOJET
D15: BẢNG ĐỊNH MỨC VẬT TƯ - NHÂN CÔNG
D16: SẢN XUẤT 1 BỘ HOSE REEL MULTI WRAP 3 INCH 60 FEETS
D17: MODEL: HRM30A6001
I62: Số phát hành: 01/HRM15/DMKT
I63: TP. Hồ Chí Minh, ngày 21 tháng 11 năm 2025.
A66: PHẦN 1: Phần Định mức Vật tư-Nguyên vật liệu sản xuất
A67: 1.1 DINH_MUC_VAT_TU_SAN_XUAT
A68: Tên cụm chị tiết | B68: Mã số chi tiết/ bản vẽ | C68: Số lượng cụm chi tiết | D68: Tên vật tư/NVL dùng để sx | E68: Mã kho | F68: Hình ảnh NVL | G68: Đơn vị theo thiết kế | H68: Số lượng theo thiết kế | I68: Đơn vị hệ thống | J68: Tỉ trọng chuyển đổi | K68: Số lượng sau chuyển đổi | L68: Ghi chú
A69: KHUNG NHÔM | C69: 1 | D69: Nhôm V 50x50x5mm, THÔ, KHÔNG XI | E69: =VLOOKUP(D69,'KHO TNJ'!$B$6:$C1071,2,FALSE) -> CX1NOA0065 | G69: mm | H69: 1235
D70: Nhôm hộp 50x50x5mm, THÔ | E70: =VLOOKUP(D70,'KHO TNJ'!$B$6:$C1071,2,FALSE) -> CX1NOA0109 | G70: mm | H70: 6048
D71: Nhôm hộp 25x50x4mm, THÔ | E71: =VLOOKUP(D71,'KHO TNJ'!$B$6:$C1071,2,FALSE) -> CX1NOA0110 | G71: mm | H71: 802
D72: Ống inox 304 bóng 42,7x2mm | E72: =VLOOKUP(D72,'KHO TNJ'!$B$6:$C1071,2,FALSE) -> CX1NOA0404 | G72: mm | H72: 994
D73: Cây ty inox 304 (Cây tròn đặc): Phi 12mm | E73: =VLOOKUP(D73,'KHO TNJ'!$B$6:$C1071,2,FALSE) -> CX1NOA0151 | G73: mm | H73: 1294
D74: Nhựa POM dạng thanh tròn đặc, màu trắng, DN40 | E74: =VLOOKUP(D74,'KHO TNJ'!$B$6:$C1071,2,FALSE) -> CX1NOA0149 | G74: mm | H74: 92
D75: Tán inox 304 M12 | E75: =VLOOKUP(D75,'KHO TNJ'!$B$6:$C1071,2,FALSE) -> CX1NOA0025 | G75: Cái | H75: 17
D76: Bulong Inox 304 M12x70 | E76: =VLOOKUP(D76,'KHO TNJ'!$B$6:$C1071,2,FALSE) -> CX1NOA0115 | G76: Cái | H76: 3
D77: Bulong Inox 304 M12x40 | E77: =VLOOKUP(D77,'KHO TNJ'!$B$6:$C1071,2,FALSE) -> CX1NOA0011 | G77: Cái | H77: 3
D78: Bulong inox 304 M12x80 | E78: =VLOOKUP(D78,'KHO TNJ'!$B$6:$C1071,2,FALSE) -> CX1NOA0431 | G78: Cái | H78: 3
D79: Bạc đạn (Vòng bi) CN 6001-DDU V3 RBI | E79: =VLOOKUP(D79,'KHO TNJ'!$B$6:$C1071,2,FALSE) -> CX1RBI0427 | G79: Cái | H79: 4
D80: Long đền inox 304 M12x26x1mm | E80: =VLOOKUP(D80,'KHO TNJ'!$B$6:$C1071,2,FALSE) -> CX1NOA0277 | G80: Cái | H80: 34
D81: PAT GẮN MOTOR 1000*400*6MM, nhôm 6mm | E81: =VLOOKUP(D81,'KHO TNJ'!$B$6:$C1071,2,FALSE) -> CX1VVU0590 | G81: Cái | H81: 1
D82: GIÁ ĐỠ HỘP GIẢM TỐC 166.2*85*30*MM, nhôm 5052 4mm | E82: =VLOOKUP(D82,'KHO TNJ'!$B$6:$C1071,2,FALSE) -> CX1VVU0574 | G82: Cái | H82: 2
D83: Bulong inox 304 M10x25 | E83: =VLOOKUP(D83,'KHO TNJ'!$B$6:$C1071,2,FALSE) -> CX1NOA0430 | G83: Cái | H83: 4
D84: Tán inox 304 M10 | E84: =VLOOKUP(D84,'KHO TNJ'!$B$6:$C1071,2,FALSE) -> CX1NOA0001 | G84: Cái | H84: 4
D85: Long Đền inox 304 M10x21, dày 1mm | E85: =VLOOKUP(D85,'KHO TNJ'!$B$6:$C1071,2,FALSE) -> CX1NOA0178 | G85: Cái | H85: 8
A86: Inlet piping | B86: M30A60-05 | C86: 1 | D86: Mặt bích vuông DN80 inox 304. NSX: Thái Bình Minh | E86: =VLOOKUP(D86,'KHO TNJ'!$B$6:$C1071,2,FALSE) -> CX1TBM0393 | G86: Cái | H86: 1
D87: Ống inox 304 90x5.0mm DN80 | E87: =VLOOKUP(D87,'KHO TNJ'!$B$6:$C1071,2,FALSE) -> CX1NOA0382 | G87: mm | H87: 1030
D88: Tán inox 304 M12 | E88: =VLOOKUP(D88,'KHO TNJ'!$B$6:$C1071,2,FALSE) -> CX1NOA0025 | G88: cái | H88: 12
D89: Mặt bích tròn DN80 inox 304. NSX: Thái Bình Minh | E89: =VLOOKUP(D89,'KHO TNJ'!$B$6:$C1071,2,FALSE) -> CX1TBM0392 | G89: Cái | H89: 2
A90: Outlet piping | B90: M30A60-06 | C90: 1 | D90: Mặt bích vuông DN80 inox 304. NSX: Thái Bình Minh | E90: =VLOOKUP(D90,'KHO TNJ'!$B$6:$C1071,2,FALSE) -> CX1TBM0393 | G90: Cái | H90: 1
D91: Ron (Gioăng) Teflon DN80 | E91: =VLOOKUP(D91,'KHO TNJ'!$B$6:$C1071,2,FALSE) -> CX1NOA0377 | G91: Cái | H91: 1
D92: Co hàn 45° Inox 304 DN80 SCH40 | E92: =VLOOKUP(D92,'KHO TNJ'!$B$6:$C1071,2,FALSE) -> CX1NOA0398 | G92: Cái | H92: 0.5
D93: Măng xông Inox 304 DN80 | E93: =VLOOKUP(D93,'KHO TNJ'!$B$6:$C1071,2,FALSE) -> CX1NOA0378 | G93: Cái | H93: 0.5
D94: Co hàn 90 Inox 304 DN80 SCH40 | E94: =VLOOKUP(D94,'KHO TNJ'!$B$6:$C1071,2,FALSE) -> CX1NOA0379 | G94: Cái | H94: 1
D95: Bulong thép đen M12x50 | E95: =VLOOKUP(D95,'KHO TNJ'!$B$6:$C1071,2,FALSE) -> CX1NOA0303 | G95: Cái | H95: 4
A96: Đĩa tang | B96: M30A60-02 | C96: 2 | D96: TANG TRỐNG ɸ1117.6*ɸ90*4MM, nhôm 5052 | E96: =VLOOKUP(D96,'KHO TNJ'!$B$6:$C1071,2,FALSE) -> CX1VVU0577 | G96: Cái | H96: 2
D97: Long đền inox 304 M12x26x1mm | E97: =VLOOKUP(D97,'KHO TNJ'!$B$6:$C1071,2,FALSE) -> CX1NOA0277 | G97: Cái | H97: 8
D98: Bulong Inox 304 M12x30 | E98: =VLOOKUP(D98,'KHO TNJ'!$B$6:$C1071,2,FALSE) -> CX1NOA0010 | G98: Cái | H98: 8
D99: Nhôm tròn đặc: phi 10mm | E99: =VLOOKUP(D99,'KHO TNJ'!$B$6:$C1071,2,FALSE) -> CX1NOA0543 | G99: mm | H99: 7364
D100: Đĩa răng 160T-C40 bằng thép ɸ654,343*400*7,2mm | E100: =VLOOKUP(D100,'KHO TNJ'!$B$6:$C1071,2,FALSE) -> CX1HTP0355 | G100: Cái | H100: 1
A101: Gối đỡ UCF 218-56 | C101: 2 | D101: Gối đỡ vòng bi UCF218-56, chất liệu: thép, NSX: LINQING KANGSHI BEARING CO., LTD | E101: =VLOOKUP(D101,'KHO TNJ'!$B$6:$C1071,2,FALSE) -> CX1LKB0399 | G101: Cái | H101: 2
D102: GIÁ ĐỠ UCF 218-56 (CHI TIẾT P1) 253*55*244MM, inox 304 | E102: =VLOOKUP(D102,'KHO TNJ'!$B$6:$C1071,2,FALSE) -> CX1VVU0566 | G102: Cái | H102: 2
D103: GIÁ ĐỠ UCF 218-56 (CHI TIẾT P2) 353*55*55*5MM, inox 304 | E103: =VLOOKUP(D103,'KHO TNJ'!$B$6:$C1071,2,FALSE) -> CX1VVU0567 | G103: Cái | H103: 2
D104: Bulong inox 304 M16x50 | E104: =VLOOKUP(D104,'KHO TNJ'!$B$6:$C1071,2,FALSE) -> CX1NOA0432 | G104: Cái | H104: 8
D105: Bulong inox 304 M16x70 | E105: =VLOOKUP(D105,'KHO TNJ'!$B$6:$C1071,2,FALSE) -> CX1NOA0433 | G105: Cái | H105: 4
D106: Tán inox 304 M16 | E106: =VLOOKUP(D106,'KHO TNJ'!$B$6:$C1071,2,FALSE) -> CX1NOA0240 | G106: Cái | H106: 12
D107: Long Đền inox 304 M16x30x1mm | E107: =VLOOKUP(D107,'KHO TNJ'!$B$6:$C1071,2,FALSE) -> CX1NOA0539 | G107: Cái | H107: 24
A108: Gudong | B108: M30A60-09 | C108: 6 | D108: Cây ty inox 304 (Cây tròn đặc): phi 18mm | E108: =VLOOKUP(D108,'KHO TNJ'!$B$6:$C1071,2,FALSE) -> CX1NOA0105 | G108: mm | H108: 2844
D109: Ống inox 304 21x3mm | E109: =VLOOKUP(D109,'KHO TNJ'!$B$6:$C1071,2,FALSE) -> CX1NOA0346 | G109: mm | H109: 110
D110: Tán inox 304 M14 | E110: =VLOOKUP(D110,'KHO TNJ'!$B$6:$C1071,2,FALSE) -> CX1NOA0381 | G110: cái | H110: 12
D111: Long đền Inox 304 M14x30x1mm | E111: =VLOOKUP(D111,'KHO TNJ'!$B$6:$C1071,2,FALSE) -> CX1NOA0300 | G111: Cái | H111: 24
D112: TẤM TRỐNG 2008.077*406*4MM, nhôm 5052 | E112: =VLOOKUP(D112,'KHO TNJ'!$B$6:$C1071,2,FALSE) -> CX1VVU0578 | G112: Cái | H112: 1
D113: MẶT BÍCH TRỐNG ɸ590*ɸ490*4MM, nhôm 5052 | E113: =VLOOKUP(D113,'KHO TNJ'!$B$6:$C1071,2,FALSE) -> CX1VVU0579 | G113: Cái | H113: 2
D114: Khớp xoay cong 90 độ 3 inch, inox 304, model: SVE30S01-TG, hiệu: TechnoJet | E114: =VLOOKUP(D114,'KHO TNJ'!$B$6:$C1071,2,FALSE) -> CX1GOL0384 | G114: Cái | H114: 1
D115: Ron Teflon | E115: =VLOOKUP(D115,'KHO TNJ'!$B$6:$C1071,2,FALSE) -> #N/A | G115: Cái | H115: 0
D116: Nắp bịt Inox 304 DN80 | E116: =VLOOKUP(D116,'KHO TNJ'!$B$6:$C1071,2,FALSE) -> CX1NOA0380 | G116: Cái | H116: 1
D117: Xích (sên) KANA 35-1R | E117: =VLOOKUP(D117,'KHO TNJ'!$B$6:$C1071,2,FALSE) -> CX1KAN0158 | G117: mm | H117: 1402
D118: Xích (sên) KANA 40-1R | E118: =VLOOKUP(D118,'KHO TNJ'!$B$6:$C1071,2,FALSE) -> CX1KAN0157 | G118: mm | H118: 2320
D119: Nhông thép 9C35 | E119: =VLOOKUP(D119,'KHO TNJ'!$B$6:$C1071,2,FALSE) -> CX1KLO0356 | G119: Cái | H119: 1
D120: Bulong thép đen lục giác âm M5x6 | E120: =VLOOKUP(D120,'KHO TNJ'!$B$6:$C1071,2,FALSE) -> CX1NOA0280 | G120: Cái | H120: 2
A121: Chố cài lò xo | C121: 1 | D121: Chốt gài lò xo inox 304 TLX136F | E121: =VLOOKUP(D121,'KHO TNJ'!$B$6:$C1071,2,FALSE) -> CX1NOA0128 | G121: Cái | H121: 1
D122: Bulong inox 304 lục giác chìm đầu dù M6x60 | E122: =VLOOKUP(D122,'KHO TNJ'!$B$6:$C1071,2,FALSE) -> CX1NOA0159 | G122: Cái | H122: 4
D123: Long đền inox 304 M6x16 mm | E123: =VLOOKUP(D123,'KHO TNJ'!$B$6:$C1071,2,FALSE) -> CX1NOA0278 | G123: Cái | H123: 4
D124: Tán inox 304 M6 | E124: =VLOOKUP(D124,'KHO TNJ'!$B$6:$C1071,2,FALSE) -> CX1NOA0081 | G124: Cái | H124: 4
A125: Roller guide frame | B125: M30A60-03-04 | C125: 1 | D125: KHUNG CON LĂN DẪN HƯỚNG 1250*617*80MM, nhôm 5052 5mm | E125: =VLOOKUP(D125,'KHO TNJ'!$B$6:$C1071,2,FALSE) -> CX1VVU0580 | G125: Cái | H125: 1
D126: Ống inox 304 bóng 50.8x1.5mm | E126: =VLOOKUP(D126,'KHO TNJ'!$B$6:$C1071,2,FALSE) -> CX1NOA0405 | G126: mm | H126: 1412.6
D127: Cây ty inox 304 (Cây tròn đặc): Phi 12mm | E127: =VLOOKUP(D127,'KHO TNJ'!$B$6:$C1071,2,FALSE) -> CX1NOA0151 | G127: mm | H127: 1577.6
D128: Nhựa POM dạng thanh tròn đặc, màu trắng, DN50 | E128: =VLOOKUP(D128,'KHO TNJ'!$B$6:$C1071,2,FALSE) -> CX1NOA0403 | G128: mm | H128: 136
D129: Bạc đạn (Vòng bi) CN 6001-DDU V3 RBI | E129: =VLOOKUP(D129,'KHO TNJ'!$B$6:$C1071,2,FALSE) -> CX1RBI0427 | G129: Cái | H129: 6
D130: Bulong inox 304 M12x80 | E130: =VLOOKUP(D130,'KHO TNJ'!$B$6:$C1071,2,FALSE) -> CX1NOA0431 | G130: Cái | H130: 4
D131: Bulong Inox 304 M12x70 | E131: =VLOOKUP(D131,'KHO TNJ'!$B$6:$C1071,2,FALSE) -> CX1NOA0115 | G131: Cái | H131: 4
D132: Tán inox 304 M12 | E132: =VLOOKUP(D132,'KHO TNJ'!$B$6:$C1071,2,FALSE) -> CX1NOA0025 | G132: Cái | H132: 8
D133: Long đền inox 304 M12x26x1mm | E133: =VLOOKUP(D133,'KHO TNJ'!$B$6:$C1071,2,FALSE) -> CX1NOA0277 | G133: Cái | H133: 16
D134: KHỐI ĐỊNH VỊ CON LĂN 60*60*60MM, Nhôm Al6061 | E134: =VLOOKUP(D134,'KHO TNJ'!$B$6:$C1071,2,FALSE) -> CX1HTP0624 | G134: Cái | H134: 4
A135: Chân chống rung khung dẫn hướng | C135: 2 | D135: Nhôm hộp 25x50x4mm, THÔ | E135: =VLOOKUP(D135,'KHO TNJ'!$B$6:$C1071,2,FALSE) -> CX1NOA0110 | G135: mm | H135: 1600
D136: Nhôm la 50x5 mm | E136: =VLOOKUP(D136,'KHO TNJ'!$B$6:$C1071,2,FALSE) -> CX1NOA0559 | G136: mm | H136: 372
D137: Bulong Inox 304 M12x70 | E137: =VLOOKUP(D137,'KHO TNJ'!$B$6:$C1071,2,FALSE) -> CX1NOA0115 | G137: Cái | H137: 2
D138: Bulong Inox 304 M12x30 | E138: =VLOOKUP(D138,'KHO TNJ'!$B$6:$C1071,2,FALSE) -> CX1NOA0010 | G138: Cái | H138: 2
D139: Tán inox 304 M12 | E139: =VLOOKUP(D139,'KHO TNJ'!$B$6:$C1071,2,FALSE) -> CX1NOA0025 | G139: Cái | H139: 4
D140: Long đền inox 304 M12x26x1mm | E140: =VLOOKUP(D140,'KHO TNJ'!$B$6:$C1071,2,FALSE) -> CX1NOA0277 | G140: Cái | H140: 14
A141: END
A142: 1.2 Tổng hợp nguyên vật liệu sản xuất.
B143: STT | C143: Tên vật tư | D143: Mã kho | E143: Hình ảnh chi tiết | F143: Đơn vị | G143: Số lượng | H143: Hao hụt theo % | I143: Số lượng hao hụt theo % | J143: Số lượng thực tế/ 1bộ | K143: Số lượng cho dự án | L143: Xuất kho thực tế
A144: VAT_TU_GIAN_TIEP
B145: 1 | C145: Keo Loctite 567 250ml | D145: {=IF(C145="","",IFERROR(INDEX('KHO TNJ'!$C$6:$C1071,MATCH(C145,'KHO TNJ'!$B$6:$B1071,0)),"#N/A"))} -> CX1LOC0016 | F145: Chai | G145: 0.05 | H145: 5 | I145: =$G145*$H145/100 -> 0.0025 | J145: =$G145+$I145 -> 0.0525 | K145: =($G145+$I145)*THONG_TIN_CHUNG!B$10 -> 0.525 | L145: 0
B146: 2 | C146: Keo khóa ren Loctite 243 250ml | D146: {=IF(C146="","",IFERROR(INDEX('KHO TNJ'!$C$6:$C1071,MATCH(C146,'KHO TNJ'!$B$6:$B1071,0)),"#N/A"))} -> CX2LOC0155 | F146: Chai | G146: 0.05 | H146: 5 | I146: =$G146*$H146/100 -> 0.0025 | J146: =$G146+$I146 -> 0.0525 | K146: =($G146+$I146)*THONG_TIN_CHUNG!B$10 -> 0.525 | L146: 1
B147: 3 | C147: Đá cắt Cn 100.1,5.16 | D147: {=IF(C147="","",IFERROR(INDEX('KHO TNJ'!$C$6:$C1071,MATCH(C147,'KHO TNJ'!$B$6:$B1071,0)),"#N/A"))} -> CX1NOA0031 | F147: Cái | G147: 0.5 | H147: 5 | I147: =$G147*$H147/100 -> 0.025 | J147: =$G147+$I147 -> 0.525 | K147: =($G147+$I147)*THONG_TIN_CHUNG!B$10 -> 5.25
B148: 4 | C148: Đá mài HẢI DƯƠNG Bavia Cn 100.6.16 | D148: {=IF(C148="","",IFERROR(INDEX('KHO TNJ'!$C$6:$C1071,MATCH(C148,'KHO TNJ'!$B$6:$B1071,0)),"#N/A"))} -> CX1HDU0032 | F148: Cái | G148: 0.125 | H148: 5 | I148: =$G148*$H148/100 -> 0.00625 | J148: =$G148+$I148 -> 0.13125 | K148: =($G148+$I148)*THONG_TIN_CHUNG!B$10 -> 1.3125 | L148: 0
B149: 5 | C149: Nhám xếp nâu 100x16mm, P80 hiệu Wadfow WYL4303 | D149: {=IF(C149="","",IFERROR(INDEX('KHO TNJ'!$C$6:$C1071,MATCH(C149,'KHO TNJ'!$B$6:$B1071,0)),"#N/A"))} -> CX1WAD0512 | F149: Cái | G149: 0.1 | H149: 5 | I149: =$G149*$H149/100 -> 0.005 | J149: =$G149+$I149 -> 0.105 | K149: =($G149+$I149)*THONG_TIN_CHUNG!B$10 -> 1.05 | L149: 0
B150: 6 | C150: Tem inox Ru lô (Hose reel Name plate) | D150: {=IF(C150="","",IFERROR(INDEX('KHO TNJ'!$C$6:$C1071,MATCH(C150,'KHO TNJ'!$B$6:$B1071,0)),"#N/A"))} -> CX1PLO0092 | F150: Cái | G150: 1 | H150: 0 | I150: =$G150*$H150/100 -> 0 | J150: =$G150+$I150 -> 1 | K150: =($G150+$I150)*THONG_TIN_CHUNG!B$10 -> 10 | L150: 0
B151: 7 | C151: Dầu cắt gọt kim loại MQ oil 18L | D151: {=IF(C151="","",IFERROR(INDEX('KHO TNJ'!$C$6:$C1071,MATCH(C151,'KHO TNJ'!$B$6:$B1071,0)),"#N/A"))} -> CX1MQ#0154 | F151: Mili lít | G151: 50 | H151: 5 | I151: =$G151*$H151/100 -> 2.5 | J151: =$G151+$I151 -> 52.5 | K151: =($G151+$I151)*THONG_TIN_CHUNG!B$10 -> 525 | L151: 0
B152: 8 | C152: Que hàn Inox CHG-308 phi 1.6mm, hiệu ATLANTIC | D152: {=IF(C152="","",IFERROR(INDEX('KHO TNJ'!$C$6:$C1071,MATCH(C152,'KHO TNJ'!$B$6:$B1071,0)),"#N/A"))} -> CX1ATL0395 | F152: Cây | G152: 5 | H152: 5 | I152: =$G152*$H152/100 -> 0.25 | J152: =$G152+$I152 -> 5.25 | K152: =($G152+$I152)*THONG_TIN_CHUNG!B$10 -> 52.5 | L152: 90
C153: Que hàn Inox ER308L loại 2.4mm, hiệu MENAM | L153: 40
B154: 9 | C154: Màng quấn PE khổ 20cm | D154: {=IF(C154="","",IFERROR(INDEX('KHO TNJ'!$C$6:$C1071,MATCH(C154,'KHO TNJ'!$B$6:$B1071,0)),"#N/A"))} -> CX1NOA0371 | F154: Cây | G154: 0.03 | H154: 5 | I154: =$G154*$H154/100 -> 0.0015 | J154: =$G154+$I154 -> 0.0315 | K154: =($G154+$I154)*THONG_TIN_CHUNG!B$10 -> 0.315 | L154: 0
B155: 10 | C155: Que hàn nhôm TIG CHG-AL3536 phi 1.6mm, hiệu ATLANTIC | D155: {=IF(C155="","",IFERROR(INDEX('KHO TNJ'!$C$6:$C1071,MATCH(C155,'KHO TNJ'!$B$6:$B1071,0)),"#N/A"))} -> CX1ATL0390 | F155: Cây | G155: 3.5 | H155: 5 | I155: =$G155*$H155/100 -> 0.175 | J155: =$G155+$I155 -> 3.675 | K155: =($G155+$I155)*THONG_TIN_CHUNG!B$10 -> 36.75 | L155: 0
A156: VAT_TU_TRUC_TIEP
B157: 1 | C157: Bạc đạn (Vòng bi) CN 6001-DDU V3 RBI | D157: CX1RBI0427 | F157: Cái | G157: 10 | H157: 0 | I157: =$G157*$H157/100 -> 0 | J157: =$G157+$I157 -> 10 | K157: =($G157+$I157)*THONG_TIN_CHUNG!B$10 -> 100 | L157: 100
B158: 2 | C158: Bulong inox 304 lục giác chìm đầu dù M6x60 | D158: CX1NOA0159 | F158: Cái | G158: 4 | H158: 5 | I158: =$G158*$H158/100 -> 0.2 | J158: =$G158+$I158 -> 4.2 | K158: =($G158+$I158)*THONG_TIN_CHUNG!B$10 -> 42 | L158: 40
B159: 3 | C159: Bulong Inox 304 M10x20 | D159: CX1NOA0008 | F159: Cái | G159: 0 | H159: 5 | I159: =$G159*$H159/100 -> 0 | J159: =$G159+$I159 -> 0 | K159: =($G159+$I159)*THONG_TIN_CHUNG!B$10 -> 0
...

Sheet HRS20A6003
A8: CÔNG TY TNHH THƯƠNG MẠI DỊCH VỤ TECHNOJET
D15: BẢNG ĐỊNH MỨC VẬT TƯ - NHÂN CÔNG
D16: SẢN XUẤT 1 BỘ HOSE REEL SINGLE WRAP 2 INCH 60 FEETS
D17: MODEL: HRS20A6003
I62: Số phát hành:
I63: TP. Hồ Chí Minh, ngày 21 tháng 11 năm 2025.
A66: PHẦN 1: Phần Định mức Vật tư-Nguyên vật liệu sản xuất
A67: 1.1 DINH_MUC_VAT_TU_SAN_XUAT
A68: Tên cụm chị tiết | B68: Mã số chi tiết/ bản vẽ | C68: Số lượng cụm chi tiết | D68: Tên vật tư/NVL dùng để sx | E68: Mã kho | F68: Hình ảnh NVL | G68: Đơn vị theo thiết kế | H68: Số lượng theo thiết kế | I68: Đơn vị hệ thống | J68: Tỉ trọng chuyển đổi | K68: Số lượng sau chuyển đổi | L68: Ghi chú
A69: KHUNG NHÔM | B69: S20A60-03 | C69: 1 | D69: Nhôm V 50x50x5mm, THÔ, KHÔNG XI | E69: =VLOOKUP(D69,'KHO TNJ'!$B$6:$C1072,2,FALSE) -> CX1NOA0065 | G69: mm | H69: 680
D70: Nhôm hộp 50x50x5mm, THÔ | E70: =VLOOKUP(D70,'KHO TNJ'!$B$6:$C1072,2,FALSE) -> CX1NOA0109 | G70: mm | H70: 6210
D71: Nhôm hộp 25x50x4mm, THÔ | E71: =VLOOKUP(D71,'KHO TNJ'!$B$6:$C1072,2,FALSE) -> CX1NOA0110 | G71: mm | H71: 1275
D72: Ống inox 304 bóng 42,7x2mm | E72: =VLOOKUP(D72,'KHO TNJ'!$B$6:$C1072,2,FALSE) -> CX1NOA0404 | G72: mm | H72: 440
D73: Nhựa POM dạng thanh tròn đặc, màu trắng, DN40 | E73: =VLOOKUP(D73,'KHO TNJ'!$B$6:$C1072,2,FALSE) -> CX1NOA0149 | G73: mm | H73: 92
D74: Cây ty inox 304 (Cây tròn đặc): Phi 12mm | E74: =VLOOKUP(D74,'KHO TNJ'!$B$6:$C1072,2,FALSE) -> CX1NOA0151 | G74: mm | H74: 750
D75: Bulong Inox 304 M12x70 | E75: =VLOOKUP(D75,'KHO TNJ'!$B$6:$C1072,2,FALSE) -> CX1NOA0115 | G75: Cái | H75: 3
D76: Bulong inox 304 M12x80 | E76: =VLOOKUP(D76,'KHO TNJ'!$B$6:$C1072,2,FALSE) -> CX1NOA0431 | G76: Cái | H76: 3
D77: Bulong Inox 304 M12x40 | E77: =VLOOKUP(D77,'KHO TNJ'!$B$6:$C1072,2,FALSE) -> CX1NOA0011 | G77: Cái | H77: 3
D78: Tán inox 304 M12 | E78: =VLOOKUP(D78,'KHO TNJ'!$B$6:$C1072,2,FALSE) -> CX1NOA0025 | G78: mm | H78: 17
D79: Bạc đạn (Vòng bi) CN 6001-DDU V3 RBI | E79: =VLOOKUP(D79,'KHO TNJ'!$B$6:$C1072,2,FALSE) -> CX1RBI0427 | G79: Cái | H79: 4
D80: Long đền inox 304 M12x26x1mm | E80: =VLOOKUP(D80,'KHO TNJ'!$B$6:$C1072,2,FALSE) -> CX1NOA0277 | G80: Cái | H80: 34
D81: TẤM GIÁ ĐỠ MOTOR 865*400*6MM, nhôm 6mm | E81: =VLOOKUP(D81,'KHO TNJ'!$B$6:$C1072,2,FALSE) -> CX1VVU0575 | G81: Cái | H81: 1
D82: GIÁ ĐỠ HỘP GIẢM TỐC 166.2*85*30*MM, nhôm 5052 4mm | E82: =VLOOKUP(D82,'KHO TNJ'!$B$6:$C1072,2,FALSE) -> CX1VVU0574 | G82: Cái | H82: 2
D83: Bulong inox 304 M10x25 | E83: =VLOOKUP(D83,'KHO TNJ'!$B$6:$C1072,2,FALSE) -> CX1NOA0430 | G83: Cái | H83: 4
D84: Tán inox 304 M10 | E84: =VLOOKUP(D84,'KHO TNJ'!$B$6:$C1072,2,FALSE) -> CX1NOA0001 | G84: Cái | H84: 4
D85: Long đền inox 304 M10x21, dày 1mm | E85: =VLOOKUP(D85,'KHO TNJ'!$B$6:$C1072,2,FALSE) -> CX1NOA0178 | G85: Cái | H85: 8
A86: INLET PIPING | C86: 1 | D86: Mặt bích vuông 115 inox 304 có rãnh 2 inch | E86: =VLOOKUP(D86,'KHO TNJ'!$B$6:$C1072,2,FALSE) -> CX1TBM0142 | G86: Cái | H86: 1
D87: Ống inox 304 60x4.0mm | E87: =VLOOKUP(D87,'KHO TNJ'!$B$6:$C1072,2,FALSE) -> CX1NOA0022 | G87: mm | H87: 685
D88: Tán inox 304 M12 | E88: =VLOOKUP(D88,'KHO TNJ'!$B$6:$C1072,2,FALSE) -> CX1NOA0025 | G88: Cái | H88: 12
D89: Mặt bích tròn DN50 | E89: =VLOOKUP(D89,'KHO TNJ'!$B$6:$C1072,2,FALSE) -> CX1NOA0127 | G89: Cái | H89: 2
A90: OUTLET PIPING | C90: 1 | D90: Mặt bích vuông 115 inox 304 có rãnh 2 inch | E90: =VLOOKUP(D90,'KHO TNJ'!$B$6:$C1072,2,FALSE) -> CX1TBM0142 | G90: Cái | H90: 1
D91: Ron (Gioăng) Teflon DN50 | E91: =VLOOKUP(D91,'KHO TNJ'!$B$6:$C1072,2,FALSE) -> CX1NOA0084 | G91: Cái | H91: 1
D92: Co hàn 45° Inox 304 DN50 SCH40 | E92: =VLOOKUP(D92,'KHO TNJ'!$B$6:$C1072,2,FALSE) -> CX1NOA0376 | G92: Cái | H92: 0.5
D93: Măng xông inox 304 ASME B16.11 nối ren NPT CL3000 2" | E93: =VLOOKUP(D93,'KHO TNJ'!$B$6:$C1072,2,FALSE) -> CX1NOA0547 | G93: Cái | H93: 0.5
D94: Co Hàn 90 Inox 304 DN50 SCH10 | E94: =VLOOKUP(D94,'KHO TNJ'!$B$6:$C1072,2,FALSE) -> CX1NOA0060 | G94: Cái | H94: 1
D95: Bulong thép đen M12X40 | E95: =VLOOKUP(D95,'KHO TNJ'!$B$6:$C1072,2,FALSE) -> CX1NOA0176 | G95: Cái | H95: 4
A96: KHUNG TANG QUAY | B96: S20A60-04-05-06 | C96: 2 | D96: Nhôm hộp 25x25x1.5mm, THÔ | E96: =VLOOKUP(D96,'KHO TNJ'!$B$6:$C1072,2,FALSE) -> CX1NOA0541 | G96: mm | H96: 12964
D97: Nhôm hộp 25x50x2mm, THÔ | E97: =VLOOKUP(D97,'KHO TNJ'!$B$6:$C1072,2,FALSE) -> CX1NOA0506 | G97: mm | H97: 3104
D98: Nhôm la 25x5 mm | E98: =VLOOKUP(D98,'KHO TNJ'!$B$6:$C1072,2,FALSE) -> CX1NOA0507 | G98: mm | H98: 4144
D99: TANG CUỐN (VÒNG NGOÀI CHI TIẾT SỐ 2) 922*461*6MM, nhôm 6mm | E99: =VLOOKUP(D99,'KHO TNJ'!$B$6:$C1072,2,FALSE) -> CX1VVU0593 | G99: Cái | H99: 4
D100: Nhôm hộp 25x50x2mm, THÔ | E100: =VLOOKUP(D100,'KHO TNJ'!$B$6:$C1072,2,FALSE) -> CX1NOA0506 | G100: mm | H100: 2096
D101: Nhôm hộp 25x25x1.5mm, THÔ | E101: =VLOOKUP(D101,'KHO TNJ'!$B$6:$C1072,2,FALSE) -> CX1NOA0541 | G101: mm | H101: 2134
D102: TANG CUỐN (PHẦN TRUNG TÂM CHI TIẾT SỐ 2) ɸ498*ɸ62*6MM, nhôm 6mm | E102: =VLOOKUP(D102,'KHO TNJ'!$B$6:$C1072,2,FALSE) -> CX1VVU0591 | G102: Cái | H102: 2
D103: TẤM ĐỠ ỐNG 381.7*132.2*84.2MM, nhôm 5052 3mm | E103: =VLOOKUP(D103,'KHO TNJ'!$B$6:$C1072,2,FALSE) -> CX1VVU0570 | G103: Cái | H103: 1
D104: Bulong Inox 304 lục giác chìm đầu trụ M10x25 | E104: =VLOOKUP(D104,'KHO TNJ'!$B$6:$C1072,2,FALSE) -> CX1NOA0232 | G104: Cái | H104: 2
D105: Bulong inox 304 lục giác chìm đầu trụ M10x70 | E105: =VLOOKUP(D105,'KHO TNJ'!$B$6:$C1072,2,FALSE) -> CX1NOA0282 | G105: Cái | H105: 8
D106: Bulong inox 304 Lục Giác chìm đầu trụ M10x80 | E106: =VLOOKUP(D106,'KHO TNJ'!$B$6:$C1072,2,FALSE) -> CX1NOA0435 | G106: Cái | H106: 12
D107: Tán inox 304 M10 | E107: =VLOOKUP(D107,'KHO TNJ'!$B$6:$C1072,2,FALSE) -> CX1NOA0001 | G107: Cái | H107: 22
D108: Long Đền inox 304 M10x21, dày 1mm | E108: =VLOOKUP(D108,'KHO TNJ'!$B$6:$C1072,2,FALSE) -> CX1NOA0178 | G108: Cái | H108: 44
D109: Bulong Inox 304 M12x30 | E109: =VLOOKUP(D109,'KHO TNJ'!$B$6:$C1072,2,FALSE) -> CX1NOA0010 | G109: Cái | H109: 8
D110: Long đền inox 304 M12x26x1mm | E110: =VLOOKUP(D110,'KHO TNJ'!$B$6:$C1072,2,FALSE) -> CX1NOA0277 | G110: Cái | H110: 8
D111: Đĩa răng 145T-C40 bằng thép 593,696 x 380 x 7,2 mm | E111: =VLOOKUP(D111,'KHO TNJ'!$B$6:$C1072,2,FALSE) -> CX1HTP0439 | G111: Cái | H111: 1
A112: GỐI ĐỠ UCP | C112: 2 | D112: Gối đỡ BẠC ĐẠN (Ball Bearing) UCP212 CUXB | E112: =VLOOKUP(D112,'KHO TNJ'!$B$6:$C1072,2,FALSE) -> CX1CUX0029 | G112: Cái | H112: 2
D113: Bulong inox 304 M16x100 | E113: =VLOOKUP(D113,'KHO TNJ'!$B$6:$C1072,2,FALSE) -> CX1NOA0434 | G113: Cái | H113: 4
D114: Tán inox 304 M16 | E114: =VLOOKUP(D114,'KHO TNJ'!$B$6:$C1072,2,FALSE) -> CX1NOA0240 | G114: Cái | H114: 4
D115: Long Đền inox 304 M16x30x1mm | E115: =VLOOKUP(D115,'KHO TNJ'!$B$6:$C1072,2,FALSE) -> CX1NOA0539 | G115: Cái | H115: 8
A116: GUDONG | C116: 6 | D116: Cây ty inox 304 (Cây tròn đặc): Phi 16mm | E116: =VLOOKUP(D116,'KHO TNJ'!$B$6:$C1072,2,FALSE) -> CX1NOA0124 | G116: mm | H116: 1203
D117: Tán inox 304 M12 | E117: =VLOOKUP(D117,'KHO TNJ'!$B$6:$C1072,2,FALSE) -> CX1NOA0025 | G117: Cái | H117: 18
D118: Long đền inox 304 M12x26x1mm | E118: =VLOOKUP(D118,'KHO TNJ'!$B$6:$C1072,2,FALSE) -> CX1NOA0277 | G118: Cái | H118: 18
D119: TẤM TRỐNG 1719.05*154.202*4MM, nhôm 5052 | E119: =VLOOKUP(D119,'KHO TNJ'!$B$6:$C1072,2,FALSE) -> CX1VVU0576 | G119: Cái | H119: 1
D120: Khớp xoay cong 90 độ 2 inch, inox 304, model: SVE20S04-TG, hiệu: TechnoJet | E120: =VLOOKUP(D120,'KHO TNJ'!$B$6:$C1072,2,FALSE) -> CX1GOL0385 | G120: Cái | H120: 1
D121: Ron Teflon | E121: =VLOOKUP(D121,'KHO TNJ'!$B$6:$C1072,2,FALSE) -> #N/A | G121: Cái | H121: 0
D122: Nắp bịt Inox 304 DN50 | E122: =VLOOKUP(D122,'KHO TNJ'!$B$6:$C1072,2,FALSE) -> CX1NOA0020 | G122: Cái | H122: 1
D123: Xích (sên) KANA 35-1R | E123: =VLOOKUP(D123,'KHO TNJ'!$B$6:$C1072,2,FALSE) -> CX1KAN0158 | G123: mm | H123: 1150
D124: Xích (sên) KANA 40-1R | E124: =VLOOKUP(D124,'KHO TNJ'!$B$6:$C1072,2,FALSE) -> CX1KAN0157 | G124: mm | H124: 2152
D125: Nhông thép 9C35 | E125: =VLOOKUP(D125,'KHO TNJ'!$B$6:$C1072,2,FALSE) -> CX1KLO0356 | G125: Cái | H125: 1
D126: Bulong thép đen lục giác âm M5x6 | E126: =VLOOKUP(D126,'KHO TNJ'!$B$6:$C1072,2,FALSE) -> CX1NOA0280 | G126: Cái | H126: 2
A127: CHỐT CÀI | C127: 1 | D127: Chốt gài lò xo inox 304 TLX136F | E127: =VLOOKUP(D127,'KHO TNJ'!$B$6:$C1072,2,FALSE) -> CX1NOA0128 | G127: Cái | H127: 1
D128: Bulong inox 304 lục giác chìm đầu dù M6x60 | E128: =VLOOKUP(D128,'KHO TNJ'!$B$6:$C1072,2,FALSE) -> CX1NOA0159 | G128: Cái | H128: 4
D129: Long đền inox 304 M6x16 mm | E129: =VLOOKUP(D129,'KHO TNJ'!$B$6:$C1072,2,FALSE) -> CX1NOA0278 | G129: Cái | H129: 4
D130: Tán inox 304 M6 | E130: =VLOOKUP(D130,'KHO TNJ'!$B$6:$C1072,2,FALSE) -> CX1NOA0081 | G130: Cái | H130: 4
A131: Roller guide frame | C131: 1 | D131: KHUNG CON LĂN DẪN HƯỚNG 340*320*1200MM, nhôm 5052 5mm | E131: =VLOOKUP(D131,'KHO TNJ'!$B$6:$C1072,2,FALSE) -> CX1VVU0581 | G131: Bộ | H131: 1
D132: Ống inox 304 bóng 42,7x2mm | E132: =VLOOKUP(D132,'KHO TNJ'!$B$6:$C1072,2,FALSE) -> CX1NOA0404 | G132: mm | H132: 1060
D133: Nhựa POM dạng thanh tròn đặc, màu trắng, DN40 | E133: =VLOOKUP(D133,'KHO TNJ'!$B$6:$C1072,2,FALSE) -> CX1NOA0149 | G133: mm | H133: 180
D134: Cây ty inox 304 (Cây tròn đặc): phi 10mm | E134: =VLOOKUP(D134,'KHO TNJ'!$B$6:$C1072,2,FALSE) -> CX1NOA0402 | G134: mm | H134: 1240
D135: Bạc đạn (Vòng bi) CN 6000-DDU ZV3 RBI | E135: =VLOOKUP(D135,'KHO TNJ'!$B$6:$C1072,2,FALSE) -> CX1RBI0426 | G135: Cái | H135: 8
D136: KHỐI ĐỊNH VỊ CON LĂN 50*50*50mm, Nhôm Al6061 | E136: =VLOOKUP(D136,'KHO TNJ'!$B$6:$C1072,2,FALSE) -> CX1HTP0625 | G136: Cái | H136: 4
D137: Bulong inox 304 M10x70 | E137: =VLOOKUP(D137,'KHO TNJ'!$B$6:$C1072,2,FALSE) -> CX1NOA0194 | G137: Cái | H137: 4
D138: Bulong Inox 304 M12x70 | E138: =VLOOKUP(D138,'KHO TNJ'!$B$6:$C1072,2,FALSE) -> CX1NOA0115 | G138: Cái | H138: 4
D139: Tán inox 304 M10 | E139: =VLOOKUP(D139,'KHO TNJ'!$B$6:$C1072,2,FALSE) -> CX1NOA0001 | G139: Cái | H139: 4
D140: Tán inox 304 M12 | E140: =VLOOKUP(D140,'KHO TNJ'!$B$6:$C1072,2,FALSE) -> CX1NOA0025 | G140: Cái | H140: 4
D141: Long Đền inox 304 M10x21, dày 1mm | E141: =VLOOKUP(D141,'KHO TNJ'!$B$6:$C1072,2,FALSE) -> CX1NOA0178 | G141: Cái | H141: 16
D142: Long đền inox 304 M12x26x1mm | E142: =VLOOKUP(D142,'KHO TNJ'!$B$6:$C1072,2,FALSE) -> CX1NOA0277 | G142: Cái | H142: 8
A143: END
A144: 1.2 Tổng hợp nguyên vật liệu sản xuất.
B145: STT | C145: Tên vật tư | D145: Mã kho | E145: Hình ảnh chi tiết | F145: Đơn vị | G145: Số lượng | H145: Hao hụt theo % | I145: Số lượng hao hụt theo % | J145: Số lượng thực tế/ 1bộ | K145: Số lượng cho dự án | L145: Xuất kho thực tế
A146: VAT_TU_GIAN_TIEP
B147: 1 | C147: Keo Loctite 567 250ml | D147: {=IF(C147="","",IFERROR(INDEX('KHO TNJ'!$C$6:$C1072,MATCH(C147,'KHO TNJ'!$B$6:$B1072,0)),"#N/A"))} -> CX1LOC0016 | F147: Chai | G147: 0.05 | H147: 5 | I147: =$G147*$H147/100 -> 0.0025 | J147: =$G147+$I147 -> 0.0525 | K147: =($G147+$I147)*THONG_TIN_CHUNG!B$11 -> 0.525 | L147: 0
B148: 2 | C148: Keo khóa ren Loctite 243 250ml | D148: {=IF(C148="","",IFERROR(INDEX('KHO TNJ'!$C$6:$C1072,MATCH(C148,'KHO TNJ'!$B$6:$B1072,0)),"#N/A"))} -> CX2LOC0155 | F148: Chai | G148: 0.05 | H148: 5 | I148: =$G148*$H148/100 -> 0.0025 | J148: =$G148+$I148 -> 0.0525 | K148: =($G148+$I148)*THONG_TIN_CHUNG!B$11 -> 0.525 | L148: 0
B149: 3 | C149: Đá cắt Cn 100.1,5.16 | D149: {=IF(C149="","",IFERROR(INDEX('KHO TNJ'!$C$6:$C1072,MATCH(C149,'KHO TNJ'!$B$6:$B1072,0)),"#N/A"))} -> CX1NOA0031 | F149: Cái | G149: 0.5 | H149: 5 | I149: =$G149*$H149/100 -> 0.025 | J149: =$G149+$I149 -> 0.525 | K149: =($G149+$I149)*THONG_TIN_CHUNG!B$11 -> 5.25 | L149: 0
B150: 4 | C150: Đá mài HẢI DƯƠNG Bavia Cn 100.6.16 | D150: {=IF(C150="","",IFERROR(INDEX('KHO TNJ'!$C$6:$C1072,MATCH(C150,'KHO TNJ'!$B$6:$B1072,0)),"#N/A"))} -> CX1HDU0032 | F150: Cái | G150: 0.125 | H150: 5 | I150: =$G150*$H150/100 -> 0.00625 | J150: =$G150+$I150 -> 0.13125 | K150: =($G150+$I150)*THONG_TIN_CHUNG!B$11 -> 1.3125 | L150: 0
B151: 5 | C151: Nhám xếp 100x16mm P80 nắp lưới kim loại Hưng Ngọc | D151: {=IF(C151="","",IFERROR(INDEX('KHO TNJ'!$C$6:$C1072,MATCH(C151,'KHO TNJ'!$B$6:$B1072,0)),"#N/A"))} -> #N/A | F151: Cái | G151: 0.1 | H151: 5 | I151: =$G151*$H151/100 -> 0.005 | J151: =$G151+$I151 -> 0.105 | K151: =($G151+$I151)*THONG_TIN_CHUNG!B$11 -> 1.05 | L151: 0
B152: 6 | C152: Tem inox Ru lô (Hose reel Name plate) | D152: {=IF(C152="","",IFERROR(INDEX('KHO TNJ'!$C$6:$C1072,MATCH(C152,'KHO TNJ'!$B$6:$B1072,0)),"#N/A"))} -> CX1PLO0092 | F152: Cái | G152: 1 | H152: 0 | I152: =$G152*$H152/100 -> 0 | J152: =$G152+$I152 -> 1 | K152: =($G152+$I152)*THONG_TIN_CHUNG!B$11 -> 10 | L152: 0
B153: 7 | C153: Dầu cắt gọt kim loại MQ oil 18L | D153: {=IF(C153="","",IFERROR(INDEX('KHO TNJ'!$C$6:$C1072,MATCH(C153,'KHO TNJ'!$B$6:$B1072,0)),"#N/A"))} -> CX1MQ#0154 | F153: Mili lít | G153: 50 | H153: 5 | I153: =$G153*$H153/100 -> 2.5 | J153: =$G153+$I153 -> 52.5 | K153: =($G153+$I153)*THONG_TIN_CHUNG!B$11 -> 525 | L153: 0
B154: 8 | C154: Que hàn Inox ATLANTIC (Dây hàn) CHG-308 phi 1.6mm | D154: {=IF(C154="","",IFERROR(INDEX('KHO TNJ'!$C$6:$C1072,MATCH(C154,'KHO TNJ'!$B$6:$B1072,0)),"#N/A"))} -> #N/A | F154: Cây | G154: 5 | H154: 5 | I154: =$G154*$H154/100 -> 0.25 | J154: =$G154+$I154 -> 5.25 | K154: =($G154+$I154)*THONG_TIN_CHUNG!B$11 -> 52.5 | L154: 55
B155: 9 | C155: Màng quấn PE khổ 20cm | D155: {=IF(C155="","",IFERROR(INDEX('KHO TNJ'!$C$6:$C1072,MATCH(C155,'KHO TNJ'!$B$6:$B1072,0)),"#N/A"))} -> CX1NOA0371 | F155: Cây | G155: 0.03 | H155: 5 | I155: =$G155*$H155/100 -> 0.0015 | J155: =$G155+$I155 -> 0.0315 | K155: =($G155+$I155)*THONG_TIN_CHUNG!B$11 -> 0.315 | L155: 0
B156: 10 | C156: Que hàn nhôm (Dây nhôm hợp kim) ER5356 loại 2.4mm | D156: {=IF(C156="","",IFERROR(INDEX('KHO TNJ'!$C$6:$C1072,MATCH(C156,'KHO TNJ'!$B$6:$B1072,0)),"#N/A"))} -> #N/A | F156: Cây | G156: 3.5 | H156: 5 | I156: =$G156*$H156/100 -> 0.175 | J156: =$G156+$I156 -> 3.675 | K156: =($G156+$I156)*THONG_TIN_CHUNG!B$11 -> 36.75 | L156: 0
A157: VAT_TU_TRUC_TIEP
B158: 1 | C158: Bạc đạn (Vòng bi) CN 6000-DDU ZV3 RBI | D158: CX1RBI0426 | F158: Cái | G158: 8 | H158: 0 | I158: =$G158*$H158/100 -> 0 | J158: =$G158+$I158 -> 8 | K158: =($G158+$I158)*THONG_TIN_CHUNG!B$11 -> 80 | L158: 80
B159: 2 | C159: Bạc đạn (Vòng bi) CN 6001-DDU V3 RBI | D159: CX1RBI0427 | F159: Cái | G159: 4 | H159: 0 | I159: =$G159*$H159/100 -> 0 | J159: =$G159+$I159 -> 4 | K159: =($G159+$I159)*THONG_TIN_CHUNG!B$11 -> 40 | L159: 40
...

Sheet DHRM38A6001
A8: CÔNG TY TNHH THƯƠNG MẠI DỊCH VỤ TECHNOJET
D15: BẢNG ĐỊNH MỨC VẬT TƯ - NHÂN CÔNG
D16: SẢN XUẤT 1 BỘ DUAL HOSE REEL 60FT 3/8"
D17: MODEL: DHRM38A6001
I62: Số phát hành:
I63: TP. Hồ Chí Minh, ngày 21 tháng 11 năm 2025.
A66: PHẦN 1: Phần Định mức Vật tư-Nguyên vật liệu sản xuất
A67: 1.1 DINH_MUC_VAT_TU_SAN_XUAT
A68: Tên cụm chị tiết | B68: Mã số chi tiết/ bản vẽ | C68: Số lượng cụm chi tiết | D68: Tên vật tư/NVL dùng để sx | E68: Mã kho | F68: Hình ảnh NVL | G68: Đơn vị theo thiết kế | H68: Số lượng theo thiết kế | I68: Đơn vị hệ thống | J68: Tỉ trọng chuyển đổi | K68: Số lượng sau chuyển đổi | L68: Ghi chú
A69: KHUNG QUAY | C69: 1 | D69: TANG TRỐNG ɸ620*ɸ35.5*2MM, nhôm 5052 | E69: =VLOOKUP(D69,'KHO TNJ'!$B$6:$C1069,2,FALSE) -> CX1VVU0569 | G69: Cái | H69: 2
D70: Nhôm tròn đặc: phi 6mm | E70: =VLOOKUP(D70,'KHO TNJ'!$B$6:$C1069,2,FALSE) -> CX1NOA0438 | G70: mm | H70: 4214
D71: TẤM TRỐNG 692*82*2MM, nhôm 5052 | E71: =VLOOKUP(D71,'KHO TNJ'!$B$6:$C1069,2,FALSE) -> CX1VVU0568 | G71: Cái | H71: 1
D72: Cây ty inox 304 (Cây tròn Đặc): phi 14mm | E72: =VLOOKUP(D72,'KHO TNJ'!$B$6:$C1069,2,FALSE) -> CX1NOA0546 | G72: mm | H72: 981
D73: Tán inox 304 M10 | E73: =VLOOKUP(D73,'KHO TNJ'!$B$6:$C1069,2,FALSE) -> CX1NOA0001 | G73: Cái | H73: 12
D74: Long Đền inox 304 M10x21, dày 1mm | E74: =VLOOKUP(D74,'KHO TNJ'!$B$6:$C1069,2,FALSE) -> CX1NOA0178 | G74: Cái | H74: 12
D75: Bulong inox 304 M8x20 | E75: =VLOOKUP(D75,'KHO TNJ'!$B$6:$C1069,2,FALSE) -> CX1NOA0498 | G75: Cái | H75: 4
D76: Bulong inox 304 lục giác chìm đầu bằng M8x40 | E76: =VLOOKUP(D76,'KHO TNJ'!$B$6:$C1069,2,FALSE) -> CX1NOA0499 | G76: Cái | H76: 4
D77: Nhôm ống 22x3mm | E77: =VLOOKUP(D77,'KHO TNJ'!$B$6:$C1069,2,FALSE) -> CX1NOA0557 | G77: mm | H77: 176
D78: Long đền inox 304 M8x19x2mm | E78: =VLOOKUP(D78,'KHO TNJ'!$B$6:$C1069,2,FALSE) -> CX1NOA0455 | G78: Cái | H78: 13
A79: KHUNG NHÔM | C79: 1 | D79: KHUNG L (CHI TIẾT 1) 500*5*396.5MM, nhôm 5052 5mm | E79: =VLOOKUP(D79,'KHO TNJ'!$B$6:$C1069,2,FALSE) -> CX1VVU0587 | G79: Cái | H79: 1
D80: KHUNG P (CHI TIẾT 1) 500*5*396.5MM, nhôm 5052 5mm | E80: =VLOOKUP(D80,'KHO TNJ'!$B$6:$C1069,2,FALSE) -> CX1VVU0586 | G80: Cái | H80: 1
D81: KHUNG DƯỚI 500*152*5MM, nhôm 5052 5mm | E81: =VLOOKUP(D81,'KHO TNJ'!$B$6:$C1069,2,FALSE) -> CX1VVU0589 | G81: Cái | H81: 1
D82: Bạc đạn (Vòng bi) F&D 6006-2RS | E82: =VLOOKUP(D82,'KHO TNJ'!$B$6:$C1069,2,FALSE) -> CX1F&D0295 | G82: Cái | H82: 2
D83: Ổ đỡ bạc đạn 6006 ɸ71*55*17MM, nhôm | E83: =VLOOKUP(D83,'KHO TNJ'!$B$6:$C1069,2,FALSE) -> CX1KLO0606 | G83: Cái | H83: 2
D84: Phe gài lỗ phi 55mm | E84: =VLOOKUP(D84,'KHO TNJ'!$B$6:$C1069,2,FALSE) -> CX1NOA0456 | G84: Cái | H84: 2
D85: Bulong Inox 304 M10x30 | E85: =VLOOKUP(D85,'KHO TNJ'!$B$6:$C1069,2,FALSE) -> CX1NOA0009 | G85: Cái | H85: 4
D86: Tán inox 304 M10 | E86: =VLOOKUP(D86,'KHO TNJ'!$B$6:$C1069,2,FALSE) -> CX1NOA0001 | G86: Cái | H86: 4
D87: Long Đền inox 304 M10x21, dày 1mm | E87: =VLOOKUP(D87,'KHO TNJ'!$B$6:$C1069,2,FALSE) -> CX1NOA0178 | G87: Cái | H87: 8
A88: INLLET PIPING | C88: 1 | D88: Mặt bích DN25 Inox 125x125x5mm | E88: =VLOOKUP(D88,'KHO TNJ'!$B$6:$C1069,2,FALSE) -> CX1PLO0441 | G88: Cái | H88: 2
D89: Ống inox 304 34x10mm | E89: =VLOOKUP(D89,'KHO TNJ'!$B$6:$C1069,2,FALSE) -> CX1NOA0400 | G89: mm | H89: 193
D90: Ống inox 304 21x5mm | E90: =VLOOKUP(D90,'KHO TNJ'!$B$6:$C1069,2,FALSE) -> CX1NOA0401 | G90: mm | H90: 230
D91: Co 90D inox 304 ASME B16.11 nối ren NPT CL3000 3/8" | E91: =VLOOKUP(D91,'KHO TNJ'!$B$6:$C1069,2,FALSE) -> CX1NOA0482 | G91: Cái | H91: 2
D92: Cây ty inox 304 (Cây tròn đặc): phi 25mm | E92: =VLOOKUP(D92,'KHO TNJ'!$B$6:$C1069,2,FALSE) -> CX1NOA0505 | G92: mm | H92: 7
D93: Phe gài Trục Phi 30 | E93: =VLOOKUP(D93,'KHO TNJ'!$B$6:$C1069,2,FALSE) -> CX1NOA0145 | G93: Cái | H93: 2
A94: BỘ LÒ XO THU HỒI | C94: 1 | D94: HỘP LÒ XO P1 (CHI TIẾT P2) ɸ486*ɸ447*3MM, nhôm 5052 | E94: =VLOOKUP(D94,'KHO TNJ'!$B$6:$C1069,2,FALSE) -> CX1VVU0572 | G94: Cái | H94: 1
D95: HỘP LÒ XO P1 (CHI TIẾT P3) ɸ439*ɸ31*3MM, nhôm 5052 | E95: =VLOOKUP(D95,'KHO TNJ'!$B$6:$C1069,2,FALSE) -> CX1VVU0573 | G95: Cái | H95: 1
D96: Nhôm la 30x3 mm | E96: =VLOOKUP(D96,'KHO TNJ'!$B$6:$C1069,2,FALSE) -> CX1NOA0558 | G96: mm | H96: 1460
D97: Hộp lò xo P2 bằng nhôm phi 486x31x3mm | E97: =VLOOKUP(D97,'KHO TNJ'!$B$6:$C1069,2,FALSE) -> CX1TBM0528 | G97: Cái | H97: 1
D98: LÕI GIỮA LÒ XO ɸ60*30.5*25MM, Inox SS304 | E98: =VLOOKUP(D98,'KHO TNJ'!$B$6:$C1069,2,FALSE) -> CX1HTP0626 | G98: Cái | H98: 1
D99: BÁNH CÓC 242,3*77*25mm | E99: =VLOOKUP(D99,'KHO TNJ'!$B$6:$C1069,2,FALSE) -> CX1HTP0490 | G99: Cái | H99: 1
D100: LƯỠI GÀI 109.8*22.6*21.6mm | E100: =VLOOKUP(D100,'KHO TNJ'!$B$6:$C1069,2,FALSE) -> CX1HTP0491 | G100: Cái | H100: 1
D101: Lò xo cài cóc phi 22, dài 70, đường kính 1,5 mm | E101: =VLOOKUP(D101,'KHO TNJ'!$B$6:$C1069,2,FALSE) -> CX1NOA0650 | G101: Cái | H101: 1
D102: Chốt định vị ɸ12*45MM, inox SS304 | E102: =VLOOKUP(D102,'KHO TNJ'!$B$6:$C1069,2,FALSE) -> CX1KLO0603 | G102: Cái | H102: 2
D103: Long Đền inox 304 M10x21, dày 1mm | E103: =VLOOKUP(D103,'KHO TNJ'!$B$6:$C1069,2,FALSE) -> CX1NOA0178 | G103: Cái | H103: 2
D104: Bulong Inox 304 lục giác chìm đầu trụ M8x20 | E104: =VLOOKUP(D104,'KHO TNJ'!$B$6:$C1069,2,FALSE) -> CX1NOA0231 | G104: Cái | H104: 3
D105: Bulong inox 304 lục giác chìm đầu trụ M8x25 | E105: =VLOOKUP(D105,'KHO TNJ'!$B$6:$C1069,2,FALSE) -> CX1NOA0458 | G105: Cái | H105: 4
D106: Bulong inox 304 lục giác chìm đầu trụ M10x50 | E106: =VLOOKUP(D106,'KHO TNJ'!$B$6:$C1069,2,FALSE) -> CX1NOA0497 | G106: Cái | H106: 1
D107: Tán Inox 304 M8 | E107: =VLOOKUP(D107,'KHO TNJ'!$B$6:$C1069,2,FALSE) -> CX1NOA0079 | G107: Cái | H107: 5
D108: Tán inox 304 M10 | E108: =VLOOKUP(D108,'KHO TNJ'!$B$6:$C1069,2,FALSE) -> CX1NOA0001 | G108: Cái | H108: 5
D109: Bulong Inox 304 M12x20 | E109: =VLOOKUP(D109,'KHO TNJ'!$B$6:$C1069,2,FALSE) -> CX1NOA0070 | G109: Cái | H109: 1
D110: Bulong Inox 304 M10x20 | E110: =VLOOKUP(D110,'KHO TNJ'!$B$6:$C1069,2,FALSE) -> CX1NOA0008 | G110: Cái | H110: 2
D111: Tán inox 304 M12 | E111: =VLOOKUP(D111,'KHO TNJ'!$B$6:$C1069,2,FALSE) -> CX1NOA0025 | G111: Cái | H111: 0
D112: Long Đền inox 304 M12x30, dày 1mm | E112: =VLOOKUP(D112,'KHO TNJ'!$B$6:$C1069,2,FALSE) -> CX1NOA0156 | G112: Cái | H112: 2
D113: Long đền inox 304 M8x19x2mm | E113: =VLOOKUP(D113,'KHO TNJ'!$B$6:$C1069,2,FALSE) -> CX1NOA0455 | G113: Cái | H113: 10
D114: Long Đền inox 304 M10x21, dày 1mm | E114: =VLOOKUP(D114,'KHO TNJ'!$B$6:$C1069,2,FALSE) -> CX1NOA0178 | G114: Cái | H114: 10
A115: KHUNG DẪN HƯỚNG | C115: 1 | D115: Khung dẫn ống bằng nhôm 164*172,5*168mm DM38A60-27 | E115: =VLOOKUP(D115,'KHO TNJ'!$B$6:$C1069,2,FALSE) -> CX1TBM0534 | G115: Cái | H115: 1
D116: Nhựa POM dạng thanh tròn, màu đen DN25 | E116: =VLOOKUP(D116,'KHO TNJ'!$B$6:$C1069,2,FALSE) -> CX1NOA0556 | G116: mm | H116: 124
D117: Nhựa POM dạng thanh tròn, màu đen DN25 | E117: =VLOOKUP(D117,'KHO TNJ'!$B$6:$C1069,2,FALSE) -> CX1NOA0556 | G117: mm | H117: 170
D118: Bạc đạn (Vòng bi) 696 ZZ 2RS | E118: =VLOOKUP(D118,'KHO TNJ'!$B$6:$C1069,2,FALSE) -> CX1DPI0445 | G118: Cái | H118: 8
D119: PAT CỐ ĐỊNH CON LĂN 30*30*3MM, Inox SUS304 | E119: =VLOOKUP(D119,'KHO TNJ'!$B$6:$C1069,2,FALSE) -> CX1HTP0627 | G119: Cái | H119: 4
D120: Bulong Inox 304 lục giác chìm đầu dù M6x20 | E120: =VLOOKUP(D120,'KHO TNJ'!$B$6:$C1069,2,FALSE) -> CX1NOA0080 | G120: Cái | H120: 4
D121: Tán inox 304 M6 | E121: =VLOOKUP(D121,'KHO TNJ'!$B$6:$C1069,2,FALSE) -> CX1NOA0081 | G121: Cái | H121: 4
D122: Long đền inox 304 M6x16 mm | E122: =VLOOKUP(D122,'KHO TNJ'!$B$6:$C1069,2,FALSE) -> CX1NOA0278 | G122: Cái | H122: 8
D123: Bulong Inox 304 M10x30 | E123: =VLOOKUP(D123,'KHO TNJ'!$B$6:$C1069,2,FALSE) -> CX1NOA0009 | G123: Cái | H123: 2
D124: Tán Inox 304 M8 | E124: =VLOOKUP(D124,'KHO TNJ'!$B$6:$C1069,2,FALSE) -> CX1NOA0079 | G124: Cái | H124: 2
D125: Long đền inox 304 M8x19x2mm | E125: =VLOOKUP(D125,'KHO TNJ'!$B$6:$C1069,2,FALSE) -> CX1NOA0455 | G125: Cái | H125: 4
D126: Cây ty inox 304 (cây tròn đặc): phi 6mm | E126: =VLOOKUP(D126,'KHO TNJ'!$B$6:$C1069,2,FALSE) -> CX1NOA0560 | G126: mm | H126: 270
A140: END
A141: 1.2 Tổng hợp nguyên vật liệu sản xuất.
B142: STT | C142: Tên vật tư | D142: Mã kho | E142: Hình ảnh chi tiết | F142: Đơn vị | G142: Số lượng | H142: Hao hụt theo % | I142: Số lượng hao hụt theo % | J142: Số lượng thực tế/ 1bộ | K142: Số lượng cho dự án | L142: Xuất kho thực tế
A143: VAT_TU_GIAN_TIEP
B144: 1 | C144: Keo Loctite 567 250ml | D144: {=IF(C144="","",IFERROR(INDEX('KHO TNJ'!$C$6:$C1069,MATCH(C144,'KHO TNJ'!$B$6:$B1069,0)),"#N/A"))} -> CX1LOC0016 | F144: Chai | G144: 0.05 | H144: 5 | I144: =$G144*$H144/100 -> 0.0025 | J144: =$G144+$I144 -> 0.0525 | K144: =($G144+$I144)*THONG_TIN_CHUNG!B$12 -> 0.525 | L144: 0
B145: 2 | C145: Keo khóa ren Loctite 243 250ml | D145: {=IF(C145="","",IFERROR(INDEX('KHO TNJ'!$C$6:$C1069,MATCH(C145,'KHO TNJ'!$B$6:$B1069,0)),"#N/A"))} -> CX2LOC0155 | F145: Chai | G145: 0.05 | H145: 5 | I145: =$G145*$H145/100 -> 0.0025 | J145: =$G145+$I145 -> 0.0525 | K145: =($G145+$I145)*THONG_TIN_CHUNG!B$12 -> 0.525 | L145: 0
B146: 3 | C146: Đá cắt Cn 100.1,5.16 | D146: {=IF(C146="","",IFERROR(INDEX('KHO TNJ'!$C$6:$C1069,MATCH(C146,'KHO TNJ'!$B$6:$B1069,0)),"#N/A"))} -> CX1NOA0031 | F146: Cái | G146: 0.5 | H146: 5 | I146: =$G146*$H146/100 -> 0.025 | J146: =$G146+$I146 -> 0.525 | K146: =($G146+$I146)*THONG_TIN_CHUNG!B$12 -> 5.25 | L146: 0
B147: 4 | C147: Đá mài HẢI DƯƠNG Bavia Cn 100.6.16 | D147: {=IF(C147="","",IFERROR(INDEX('KHO TNJ'!$C$6:$C1069,MATCH(C147,'KHO TNJ'!$B$6:$B1069,0)),"#N/A"))} -> CX1HDU0032 | F147: Cái | G147: 0.125 | H147: 5 | I147: =$G147*$H147/100 -> 0.00625 | J147: =$G147+$I147 -> 0.13125 | K147: =($G147+$I147)*THONG_TIN_CHUNG!B$12 -> 1.3125 | L147: 0
B148: 5 | C148: Nhám xếp nâu 100x16mm, P80 hiệu Wadfow WYL4303 | D148: {=IF(C148="","",IFERROR(INDEX('KHO TNJ'!$C$6:$C1069,MATCH(C148,'KHO TNJ'!$B$6:$B1069,0)),"#N/A"))} -> CX1WAD0512 | F148: Cái | G148: 0.1 | H148: 5 | I148: =$G148*$H148/100 -> 0.005 | J148: =$G148+$I148 -> 0.105 | K148: =($G148+$I148)*THONG_TIN_CHUNG!B$12 -> 1.05 | L148: 0
B149: 6 | C149: Tem inox Ru lô (Hose reel Name plate) | D149: {=IF(C149="","",IFERROR(INDEX('KHO TNJ'!$C$6:$C1069,MATCH(C149,'KHO TNJ'!$B$6:$B1069,0)),"#N/A"))} -> CX1PLO0092 | F149: Cái | G149: 1 | H149: 0 | I149: =$G149*$H149/100 -> 0 | J149: =$G149+$I149 -> 1 | K149: =($G149+$I149)*THONG_TIN_CHUNG!B$12 -> 10 | L149: 0
B150: 7 | C150: Dầu cắt gọt kim loại MQ oil 18L | D150: {=IF(C150="","",IFERROR(INDEX('KHO TNJ'!$C$6:$C1069,MATCH(C150,'KHO TNJ'!$B$6:$B1069,0)),"#N/A"))} -> CX1MQ#0154 | F150: Mili lít | G150: 50 | H150: 5 | I150: =$G150*$H150/100 -> 2.5 | J150: =$G150+$I150 -> 52.5 | K150: =($G150+$I150)*THONG_TIN_CHUNG!B$12 -> 525 | L150: 0
B151: 8 | C151: Que hàn Inox ATLANTIC (Dây hàn) CHG-308 phi 1.6mm | D151: {=IF(C151="","",IFERROR(INDEX('KHO TNJ'!$C$6:$C1069,MATCH(C151,'KHO TNJ'!$B$6:$B1069,0)),"#N/A"))} -> #N/A | F151: Cây | G151: 0 | H151: 5 | I151: =$G151*$H151/100 -> 0 | J151: =$G151+$I151 -> 0 | K151: =($G151+$I151)*THONG_TIN_CHUNG!B$12 -> 0 | L151: 25
B152: 9 | C152: Màng quấn PE khổ 20cm | D152: {=IF(C152="","",IFERROR(INDEX('KHO TNJ'!$C$6:$C1069,MATCH(C152,'KHO TNJ'!$B$6:$B1069,0)),"#N/A"))} -> CX1NOA0371 | F152: Cây | G152: 0.03 | H152: 5 | I152: =$G152*$H152/100 -> 0.0015 | J152: =$G152+$I152 -> 0.0315 | K152: =($G152+$I152)*THONG_TIN_CHUNG!B$12 -> 0.315
B153: 10 | C153: Que hàn nhôm (Dây nhôm hợp kim) ER5356 loại 2.4mm | D153: {=IF(C153="","",IFERROR(INDEX('KHO TNJ'!$C$6:$C1069,MATCH(C153,'KHO TNJ'!$B$6:$B1069,0)),"#N/A"))} -> #N/A | F153: Cây | G153: 2 | H153: 5 | I153: =$G153*$H153/100 -> 0.1 | J153: =$G153+$I153 -> 2.1 | K153: =($G153+$I153)*THONG_TIN_CHUNG!B$12 -> 21 | L153: 0
A154: VAT_TU_TRUC_TIEP
B155: 1 | C155: Bạc đạn (Vòng bi) 696 ZZ 2RS | D155: CX1DPI0445 | F155: Cái | G155: 8 | H155: 0 | I155: =$G155*$H155/100 -> 0 | J155: =$G155+$I155 -> 8 | K155: =($G155+$I155)*THONG_TIN_CHUNG!B$12 -> 80 | L155: 80
B156: 2 | C156: Bạc đạn (Vòng bi) F&D 6006-2RS | D156: CX1F&D0295 | F156: Cái | G156: 2 | H156: 0 | I156: =$G156*$H156/100 -> 0 | J156: =$G156+$I156 -> 2 | K156: =($G156+$I156)*THONG_TIN_CHUNG!B$12 -> 20 | L156: 20
B157: 3 | C157: BÁNH CÓC 242,3*77*25mm | D157: CX1HTP0490 | F157: Cái | G157: 1 | H157: 0 | I157: =$G157*$H157/100 -> 0 | J157: =$G157+$I157 -> 1 | K157: =($G157+$I157)*THONG_TIN_CHUNG!B$12 -> 10 | L157: 10
B158: 4 | C158: Bulong inox 304 lục giác chìm đầu bằng M8x40 | D158: CX1NOA0499 | F158: Cái | G158: 4 | H158: 5 | I158: =$G158*$H158/100 -> 0.2 | J158: =$G158+$I158 -> 4.2 | K158: =($G158+$I158)*THONG_TIN_CHUNG!B$12 -> 42 | L158: 42 | M158: 42=42
B159: 5 | C159: Bulong Inox 304 lục giác chìm đầu dù M6x20 | D159: CX1NOA0080 | F159: Cái | G159: 4 | H159: 5 | I159: =$G159*$H159/100 -> 0.2 | J159: =$G159+$I159 -> 4.2 | K159: =($G159+$I159)*THONG_TIN_CHUNG!B$12 -> 42 | L159: 40
B160: 6 | C160: Bulong inox 304 lục giác chìm đầu trụ M10x50 | D160: CX1NOA0497 | F160: Cái | G160: 1 | H160: 5 | I160: =$G160*$H160/100 -> 0.05 | J160: =$G160+$I160 -> 1.05 | K160: =($G160+$I160)*THONG_TIN_CHUNG!B$12 -> 10.5 | L160: 11
B161: 7 | C161: Bulong Inox 304 lục giác chìm đầu trụ M8x20 | D161: CX1NOA0231 | F161: Cái | G161: 3 | H161: 5 | I161: =$G161*$H161/100 -> 0.15 | J161: =$G161+$I161 -> 3.15 | K161: =($G161+$I161)*THONG_TIN_CHUNG!B$12 -> 31.5 | L161: 28
B162: 8 | C162: Bulong inox 304 lục giác chìm đầu trụ M8x25 | D162: CX1NOA0458 | F162: Cái | G162: 4 | H162: 5 | I162: =$G162*$H162/100 -> 0.2 | J162: =$G162+$I162 -> 4.2 | K162: =($G162+$I162)*THONG_TIN_CHUNG!B$12 -> 42 | L162: 41 | M162: nhỏ hơn định mức
B163: 9 | C163: Bulong Inox 304 M10x20 | D163: CX1NOA0008 | F163: Cái | G163: 2 | H163: 5 | I163: =$G163*$H163/100 -> 0.1 | J163: =$G163+$I163 -> 2.1 | K163: =($G163+$I163)*THONG_TIN_CHUNG!B$12 -> 21 | L163: =21-2 -> 19
B164: 10 | C164: Bulong Inox 304 M10x30 | D164: CX1NOA0009 | F164: Cái | G164: 6 | H164: 5 | I164: =$G164*$H164/100 -> 0.3 | J164: =$G164+$I164 -> 6.3 | K164: =($G164+$I164)*THONG_TIN_CHUNG!B$12 -> 63 | L164: =63-7 -> 56
B165: 11 | C165: Bulong Inox 304 M12x20 | D165: CX1NOA0070 | F165: Cái | G165: 1 | H165: 5 | I165: =$G165*$H165/100 -> 0.05 | J165: =$G165+$I165 -> 1.05 | K165: =($G165+$I165)*THONG_TIN_CHUNG!B$12 -> 10.5 | L165: =11-11 -> 0
B166: 12 | C166: Bulong inox 304 M8x20 | D166: CX1NOA0498 | F166: Cái | G166: 4 | H166: 5 | I166: =$G166*$H166/100 -> 0.2 | J166: =$G166+$I166 -> 4.2 | K166: =($G166+$I166)*THONG_TIN_CHUNG!B$12 -> 42 | L166: 42
B167: 13 | C167: CÂY TY 2 đầu ren ɸ14*106MM, Inox SUS304 | D167: CX1HTP0613 | F167: Cái | G167: 0 | H167: 0 | I167: =$G167*$H167/100 -> 0 | J167: =$G167+$I167 -> 0 | K167: =($G167+$I167)*THONG_TIN_CHUNG!B$12 -> 0
B168: 14 | C168: Chốt định vị inox 304 50x12mm. NSX: Kim Lộc | D168: CX1KLO0421 | F168: Cái | G168: 0 | H168: 0 | I168: =$G168*$H168/100 -> 0 | J168: =$G168+$I168 -> 0 | K168: =($G168+$I168)*THONG_TIN_CHUNG!B$12 -> 0 | L168: đổi thành Chốt giữ lưỡi gài
B169: 15 | C169: Co 90D inox 304 ASME B16.11 nối ren NPT CL3000 3/8" | D169: CX1NOA0482 | F169: Cái | G169: 2 | H169: 0 | I169: =$G169*$H169/100 -> 0 | J169: =$G169+$I169 -> 2 | K169: =($G169+$I169)*THONG_TIN_CHUNG!B$12 -> 20 | L169: 20
B170: 16 | C170: CON LĂN DẪN HƯỚNG (1) ɸ25*8*85MM, Nhựa POM | D170: CX1HTP0618 | F170: Cái | G170: 0 | H170: 0 | I170: =$G170*$H170/100 -> 0 | J170: =$G170+$I170 -> 0 | K170: =($G170+$I170)*THONG_TIN_CHUNG!B$12 -> 0
B171: 17 | C171: CON LĂN DẪN HƯỚNG (2) ɸ25*8*36MM, Nhựa POM | D171: CX1HTP0619 | F171: Cái | G171: 0 | H171: 0 | I171: =$G171*$H171/100 -> 0 | J171: =$G171+$I171 -> 0 | K171: =($G171+$I171)*THONG_TIN_CHUNG!B$12 -> 0
B172: 18 | C172: HỘP LÒ XO P1 (CHI TIẾT P2) ɸ486*ɸ447*3MM, nhôm 5052 | D172: CX1VVU0572 | F172: Cái | G172: 1 | H172: 0 | I172: =$G172*$H172/100 -> 0 | J172: =$G172+$I172 -> 1 | K172: =($G172+$I172)*THONG_TIN_CHUNG!B$12 -> 10 | L172: 10
...

Sheet SCR18A7501_MC_FSM
A8: CÔNG TY TNHH THƯƠNG MẠI DỊCH VỤ TECHNOJET
D15: BẢNG ĐỊNH MỨC VẬT TƯ - NHÂN CÔNG
D16: SẢN XUẤT 1 BỘ STATIC CABLE REEL 1/8"-75FT
D17: MODEL: SCR18A7501-MC-FSM
I62: Số phát hành:
I63: TP. Hồ Chí Minh, ngày 21 tháng 11 năm 2025.
A66: PHẦN 1: Phần Định mức Vật tư-Nguyên vật liệu sản xuất
A67: 1.1 DINH_MUC_VAT_TU_SAN_XUAT
A68: Tên cụm chị tiết | B68: Mã số chi tiết/ bản vẽ | C68: Số lượng cụm chi tiết | D68: Tên vật tư/NVL dùng để sx | E68: Mã kho | F68: Hình ảnh NVL | G68: Đơn vị theo thiết kế | H68: Số lượng theo thiết kế | I68: Đơn vị hệ thống | J68: Tỉ trọng chuyển đổi | K68: Số lượng sau chuyển đổi | L68: Số lượng xk thực tế (20 bộ)
D69: TANG TRỐNG (CHI TIẾT P1) ɸ228.6*44*6MM, nhôm 6mm | E69: =VLOOKUP(D69,'KHO TNJ'!$B$6:$C1071,2,FALSE) -> CX1VVU0592 | G69: Cái | H69: 1 | L69: 20
D70: TANG TRỐNG (CHI TIẾT P2) ɸ228.6*64*6MM, nhôm 6mm | E70: =VLOOKUP(D70,'KHO TNJ'!$B$6:$C1071,2,FALSE) -> CX1VVU0594 | G70: Cái | H70: 1 | L70: 20
D71: Ổ đỡ bạc đạn 6002 | E71: =VLOOKUP(D71,'KHO TNJ'!$B$6:$C1071,2,FALSE) -> CX1NOA0635 | G71: Cái | H71: 1 | L71: 20
D72: Nhôm ống 90x5mm | E72: =VLOOKUP(D72,'KHO TNJ'!$B$6:$C1071,2,FALSE) -> CX1NOA0545 | G72: mm | H72: 40 | L72: 880
D73: KHUNG 200*65*159.9MM, nhôm 5052 5mm | E73: =VLOOKUP(D73,'KHO TNJ'!$B$6:$C1071,2,FALSE) -> CX1VVU0588 | G73: Cái | H73: 1 | L73: 20
D74: KHUNG DẪN HƯỚNG DÂY 147.5*68*50MM, nhôm 5052 5mm | E74: =VLOOKUP(D74,'KHO TNJ'!$B$6:$C1071,2,FALSE) -> CX1VVU0582 | G74: Cái | H74: 1 | L74: 20
D75: Nhôm ống 25x7.5mm | E75: =VLOOKUP(D75,'KHO TNJ'!$B$6:$C1071,2,FALSE) -> CX1NOA0510 | G75: mm | H75: 80 | L75: 820
D76: MẶT BÍCH TRỤC ɸ78*ɸ20.5*5MM, inox 304 | E76: =VLOOKUP(D76,'KHO TNJ'!$B$6:$C1071,2,FALSE) -> CX1VVU0565 | G76: Cái | H76: 1 | L76: 20
D77: Trục ɸ20*15*23.5MM, inox SS304 | E77: =VLOOKUP(D77,'KHO TNJ'!$B$6:$C1071,2,FALSE) -> CX1KLO0607 | G77: Cái | H77: 1 | L77: 20
D78: Vòng Bi CN 6002-DDU ZV3 RBI | E78: =VLOOKUP(D78,'KHO TNJ'!$B$6:$C1071,2,FALSE) -> CX1RBI0563 | G78: Cái | H78: 1 | L78: 20
D79: Bạc đạn (Vòng bi) CN JTEKT (koyo) 626-ZZSM | E79: =VLOOKUP(D79,'KHO TNJ'!$B$6:$C1071,2,FALSE) -> CX1JTE0511 | G79: Cái | H79: 2 | L79: 40
D80: Phe gài lỗ phi 32mm | E80: =VLOOKUP(D80,'KHO TNJ'!$B$6:$C1071,2,FALSE) -> CX1NOA0636 | G80: Cái | H80: 1 | L80: 20
D81: Phe gài trục phi 15mm | E81: =VLOOKUP(D81,'KHO TNJ'!$B$6:$C1071,2,FALSE) -> CX1NOA0637 | G81: Cái | H81: 1 | L81: 21
D82: Bulong inox 304 lục giác chìm đầu bằng M6x70 | E82: =VLOOKUP(D82,'KHO TNJ'!$B$6:$C1071,2,FALSE) -> CX1NOA0638 | G82: Cái | H82: 1 | L82: 14
D83: Bulong inox 304 lục giác chìm đầu bằng M6x80 | E83: 517 | L83: 6
D84: Bulong inox 304 lục giác đầu bằng M8x70 | E84: =VLOOKUP(D84,'KHO TNJ'!$B$6:$C1071,2,FALSE) -> CX1NOA0440 | G84: Cái | H84: 3 | L84: 60
D85: Bulong inox 304 lục giác chìm đầu trụ M5x15 | E85: =VLOOKUP(D85,'KHO TNJ'!$B$6:$C1071,2,FALSE) -> CX1NOA0640 | G85: Cái | H85: 2
D86: Bulong inox 304 lục giác chìm đầu trụ M5x16 | E86: 450 | L86: 40
D87: Tán inox 304 M6 | E87: =VLOOKUP(D87,'KHO TNJ'!$B$6:$C1071,2,FALSE) -> CX1NOA0081 | G87: Cái | H87: 2 | L87: 40
D88: Tán Inox 304 M8 | E88: =VLOOKUP(D88,'KHO TNJ'!$B$6:$C1071,2,FALSE) -> CX1NOA0079 | G88: Cái | H88: 6 | L88: 120
D89: Tán inox 304 M5 | E89: =VLOOKUP(D89,'KHO TNJ'!$B$6:$C1071,2,FALSE) -> CX1NOA0235 | G89: Cái | H89: 2 | L89: 40
D90: Long đền inox 304 M8x1mm | E90: =VLOOKUP(D90,'KHO TNJ'!$B$6:$C1071,2,FALSE) -> CX1NOA0641 | G90: Cái | H90: 3
D91: Long đền inox 304 M8x19x1mm | G91: Cái | L91: 134.8
D92: Long đền inox 304 M5x1mm | E92: =VLOOKUP(D92,'KHO TNJ'!$B$6:$C1071,2,FALSE) -> CX1NOA0642 | G92: Cái | H92: 4
D93: Long đền inox 304 M5x10x1mm | E93: 679 | G93: kg | L93: 0.1
D94: Long đền inox 304 M6x16 mm | E94: =VLOOKUP(D94,'KHO TNJ'!$B$6:$C1071,2,FALSE) -> CX1NOA0278 | G94: Cái | H94: 2 | L94: 175.4
D95: Ống inox 304 Phi 9,6x0,6mm | E95: =VLOOKUP(D95,'KHO TNJ'!$B$6:$C1071,2,FALSE) -> CX1NOA0561 | G95: mm | H95: 37 | L95: 780
D96: Nhôm ống 34x5mm | E96: =VLOOKUP(D96,'KHO TNJ'!$B$6:$C1071,2,FALSE) -> CX1NOA0508 | G96: mm | H96: 21 | L96: 500
D97: Bulong đầu dù vít bake 6x10 | L97: 20
D98: Tay quay ɸ25*80MM, nhôm | E98: CX1KLO0608 | L98: 20
A141: END
A142: 1.2 Tổng hợp nguyên vật liệu sản xuất.
B143: STT | C143: Tên vật tư | D143: Mã kho | E143: Hình ảnh chi tiết | F143: Đơn vị | G143: Số lượng | H143: Hao hụt theo % | I143: Số lượng hao hụt theo % | J143: Số lượng thực tế/ 1bộ | K143: Số lượng cho dự án | L143: Xuất kho thực tế
A144: VAT_TU_GIAN_TIEP
B145: 1 | C145: Keo Loctite 567 250ml | D145: {=IF(C145="","",IFERROR(INDEX('KHO TNJ'!$C$6:$C1071,MATCH(C145,'KHO TNJ'!$B$6:$B1071,0)),"#N/A"))} -> CX1LOC0016 | F145: Chai | G145: 0.05 | H145: 5 | I145: =$G145*$H145/100 -> 0.0025 | J145: =$G145+$I145 -> 0.0525 | K145: =($G145+$I145)*THONG_TIN_CHUNG!B$13 -> 1.05 | L145: 0
B146: 2 | C146: Keo khóa ren Loctite 243 250ml | D146: {=IF(C146="","",IFERROR(INDEX('KHO TNJ'!$C$6:$C1071,MATCH(C146,'KHO TNJ'!$B$6:$B1071,0)),"#N/A"))} -> CX2LOC0155 | F146: Chai | G146: 0.05 | H146: 5 | I146: =$G146*$H146/100 -> 0.0025 | J146: =$G146+$I146 -> 0.0525 | K146: =($G146+$I146)*THONG_TIN_CHUNG!B$13 -> 1.05 | L146: 0
B147: 3 | C147: Đá cắt Cn 100.1,5.16 | D147: {=IF(C147="","",IFERROR(INDEX('KHO TNJ'!$C$6:$C1071,MATCH(C147,'KHO TNJ'!$B$6:$B1071,0)),"#N/A"))} -> CX1NOA0031 | F147: Cái | G147: 0.5 | H147: 5 | I147: =$G147*$H147/100 -> 0.025 | J147: =$G147+$I147 -> 0.525 | K147: =($G147+$I147)*THONG_TIN_CHUNG!B$13 -> 10.5 | L147: 0
B148: 4 | C148: Đá mài HẢI DƯƠNG Bavia Cn 100.6.16 | D148: {=IF(C148="","",IFERROR(INDEX('KHO TNJ'!$C$6:$C1071,MATCH(C148,'KHO TNJ'!$B$6:$B1071,0)),"#N/A"))} -> CX1HDU0032 | F148: Cái | G148: 0.125 | H148: 5 | I148: =$G148*$H148/100 -> 0.00625 | J148: =$G148+$I148 -> 0.13125 | K148: =($G148+$I148)*THONG_TIN_CHUNG!B$13 -> 2.625 | L148: 0
B149: 5 | C149: Nhám xếp 100x16mm P80 nắp lưới kim loại Hưng Ngọc | D149: {=IF(C149="","",IFERROR(INDEX('KHO TNJ'!$C$6:$C1071,MATCH(C149,'KHO TNJ'!$B$6:$B1071,0)),"#N/A"))} -> #N/A | F149: Cái | G149: 0.1 | H149: 5 | I149: =$G149*$H149/100 -> 0.005 | J149: =$G149+$I149 -> 0.105 | K149: =($G149+$I149)*THONG_TIN_CHUNG!B$13 -> 2.1 | L149: 0
B150: 6 | C150: Tem inox Ru lô (Hose reel Name plate) | D150: {=IF(C150="","",IFERROR(INDEX('KHO TNJ'!$C$6:$C1071,MATCH(C150,'KHO TNJ'!$B$6:$B1071,0)),"#N/A"))} -> CX1PLO0092 | F150: Cái | G150: 1 | H150: 0 | I150: =$G150*$H150/100 -> 0 | J150: =$G150+$I150 -> 1 | K150: =($G150+$I150)*THONG_TIN_CHUNG!B$13 -> 20 | L150: 0
B151: 7 | C151: Dầu cắt gọt kim loại MQ oil 18L | D151: {=IF(C151="","",IFERROR(INDEX('KHO TNJ'!$C$6:$C1071,MATCH(C151,'KHO TNJ'!$B$6:$B1071,0)),"#N/A"))} -> CX1MQ#0154 | F151: Mili lít | G151: 50 | H151: 5 | I151: =$G151*$H151/100 -> 2.5 | J151: =$G151+$I151 -> 52.5 | K151: =($G151+$I151)*THONG_TIN_CHUNG!B$13 -> 1050 | L151: 0
B152: 8 | C152: Que hàn Inox ATLANTIC (Dây hàn) CHG-308 phi 1.6mm | D152: {=IF(C152="","",IFERROR(INDEX('KHO TNJ'!$C$6:$C1071,MATCH(C152,'KHO TNJ'!$B$6:$B1071,0)),"#N/A"))} -> #N/A | F152: Cây | G152: 0 | H152: 5 | I152: =$G152*$H152/100 -> 0 | J152: =$G152+$I152 -> 0 | K152: =($G152+$I152)*THONG_TIN_CHUNG!B$13 -> 0 | L152: 0
B153: 9 | C153: Màng quấn PE khổ 20cm | D153: {=IF(C153="","",IFERROR(INDEX('KHO TNJ'!$C$6:$C1071,MATCH(C153,'KHO TNJ'!$B$6:$B1071,0)),"#N/A"))} -> CX1NOA0371 | F153: Cây | G153: 0.03 | H153: 5 | I153: =$G153*$H153/100 -> 0.0015 | J153: =$G153+$I153 -> 0.0315 | K153: =($G153+$I153)*THONG_TIN_CHUNG!B$13 -> 0.63 | L153: 0
B154: 10 | C154: Que hàn nhôm (Dây nhôm hợp kim) ER5356 loại 2.4mm | D154: {=IF(C154="","",IFERROR(INDEX('KHO TNJ'!$C$6:$C1071,MATCH(C154,'KHO TNJ'!$B$6:$B1071,0)),"#N/A"))} -> #N/A | F154: Cây | G154: 1 | H154: 5 | I154: =$G154*$H154/100 -> 0.05 | J154: =$G154+$I154 -> 1.05 | K154: =($G154+$I154)*THONG_TIN_CHUNG!B$13 -> 21 | L154: 0
A155: VAT_TU_TRUC_TIEP
B156: 1 | C156: Bạc đạn (Vòng bi) CN JTEKT (koyo) 626-ZZSM | D156: CX1JTE0511 | F156: Cái | G156: 2 | H156: 0 | I156: =$G156*$H156/100 -> 0 | J156: =$G156+$I156 -> 2 | K156: =($G156+$I156)*THONG_TIN_CHUNG!B$13 -> 40 | L156: 40
B157: 2 | C157: Bulong inox 304 lục giác chìm đầu bằng M6x70 | D157: CX1NOA0638 | F157: Cái | G157: 1 | H157: 5 | I157: =$G157*$H157/100 -> 0.05 | J157: =$G157+$I157 -> 1.05 | K157: =($G157+$I157)*THONG_TIN_CHUNG!B$13 -> 21 | L157: 14
B158: 3 | C158: Bulong inox 304 lục giác chìm đầu bằng M8x65 | D158: CX1NOA0639 | F158: Cái | G158: 0 | H158: 5 | I158: =$G158*$H158/100 -> 0 | J158: =$G158+$I158 -> 0 | K158: =($G158+$I158)*THONG_TIN_CHUNG!B$13 -> 0
B159: 4 | C159: Bulong inox 304 lục giác chìm đầu trụ M5x15 | D159: CX1NOA0640 | F159: Cái | G159: 2 | H159: 5 | I159: =$G159*$H159/100 -> 0.1 | J159: =$G159+$I159 -> 2.1 | K159: =($G159+$I159)*THONG_TIN_CHUNG!B$13 -> 42 | L159: 40
B160: 5 | C160: KHUNG 200*65*159.9MM, nhôm 5052 5mm | D160: CX1VVU0588 | F160: Cái | G160: 1 | H160: 0 | I160: =$G160*$H160/100 -> 0 | J160: =$G160+$I160 -> 1 | K160: =($G160+$I160)*THONG_TIN_CHUNG!B$13 -> 20 | L160: 20
B161: 6 | C161: KHUNG DẪN HƯỚNG DÂY 147.5*68*50MM, nhôm 5052 5mm | D161: CX1VVU0582 | F161: Cái | G161: 1 | H161: 0 | I161: =$G161*$H161/100 -> 0 | J161: =$G161+$I161 -> 1 | K161: =($G161+$I161)*THONG_TIN_CHUNG!B$13 -> 20 | L161: 20
B162: 7 | C162: Long đền inox 304 M5x1mm | D162: CX1NOA0642 | F162: Cái | G162: 4 | H162: 5 | I162: =$G162*$H162/100 -> 0.2 | J162: =$G162+$I162 -> 4.2 | K162: =($G162+$I162)*THONG_TIN_CHUNG!B$13 -> 84 | L162: 84
A163: NK LẠI 157,86 CON | B163: 8 | C163: Long đền inox 304 M6x16 mm | D163: CX1NOA0278 | F163: Cái | G163: 2 | H163: 5 | I163: =$G163*$H163/100 -> 0.1 | J163: =$G163+$I163 -> 2.1 | K163: =($G163+$I163)*THONG_TIN_CHUNG!B$13 -> 42 | L163: =175.4-157.86 -> 17.54
B164: 9 | C164: Long đền inox 304 M8x1mm | D164: CX1NOA0641 | F164: Cái | G164: 3 | H164: 5 | I164: =$G164*$H164/100 -> 0.15 | J164: =$G164+$I164 -> 3.15 | K164: =($G164+$I164)*THONG_TIN_CHUNG!B$13 -> 63 | L164: =134.8-1-70.8 -> 63
B165: 10 | C165: MẶT BÍCH TRỤC ɸ78*ɸ20.5*5MM, inox 304 | D165: CX1VVU0565 | F165: Cái | G165: 1 | H165: 0 | I165: =$G165*$H165/100 -> 0 | J165: =$G165+$I165 -> 1 | K165: =($G165+$I165)*THONG_TIN_CHUNG!B$13 -> 20 | L165: 20
B166: 11 | C166: Nhôm ống 25x7.5mm | D166: CX1NOA0510 | F166: mm | G166: 80 | H166: 5 | I166: =$G166*$H166/100 -> 4 | J166: =$G166+$I166 -> 84 | K166: =($G166+$I166)*THONG_TIN_CHUNG!B$13 -> 1680 | L166: =820+0.01*1000 -> 830 | M166: +0,01m tiêu hao t7
B167: 12 | C167: Nhôm ống 90x5mm | D167: CX1NOA0545 | F167: mm | G167: 40 | H167: 5 | I167: =$G167*$H167/100 -> 2 | J167: =$G167+$I167 -> 42 | K167: =($G167+$I167)*THONG_TIN_CHUNG!B$13 -> 840 | L167: 880
B168: 13 | C168: Ổ đỡ bạc đạn 6002 | D168: CX1NOA0635 | F168: Cái | G168: 1 | H168: 0 | I168: =$G168*$H168/100 -> 0 | J168: =$G168+$I168 -> 1 | K168: =($G168+$I168)*THONG_TIN_CHUNG!B$13 -> 20 | L168: 20
B169: 14 | C169: Ống inox 304 Phi 9,6x0,6mm | D169: CX1NOA0561 | F169: mm | G169: 37 | H169: 5 | I169: =$G169*$H169/100 -> 1.85 | J169: =$G169+$I169 -> 38.85 | K169: =($G169+$I169)*THONG_TIN_CHUNG!B$13 -> 777 | L169: 780 | M169: 3mm=0,003M NÊN KO ĐƯA VÀO 632
B170: 15 | C170: Phe gài lỗ phi 32mm | D170: CX1NOA0636 | F170: Cái | G170: 1 | H170: 5 | I170: =$G170*$H170/100 -> 0.05 | J170: =$G170+$I170 -> 1.05 | K170: =($G170+$I170)*THONG_TIN_CHUNG!B$13 -> 21 | L170: 20
B171: 16 | C171: Phe gài trục phi 15mm | D171: CX1NOA0637 | F171: Cái | G171: 1 | H171: 5 | I171: =$G171*$H171/100 -> 0.05 | J171: =$G171+$I171 -> 1.05 | K171: =($G171+$I171)*THONG_TIN_CHUNG!B$13 -> 21 | L171: 21
B172: 17 | C172: Tán inox 304 M5 | D172: CX1NOA0235 | F172: Cái | G172: 2 | H172: 5 | I172: =$G172*$H172/100 -> 0.1 | J172: =$G172+$I172 -> 2.1 | K172: =($G172+$I172)*THONG_TIN_CHUNG!B$13 -> 42 | L172: =40-10 -> 30
B173: 18 | C173: Tán inox 304 M6 | D173: CX1NOA0081 | F173: Cái | G173: 2 | H173: 5 | I173: =$G173*$H173/100 -> 0.1 | J173: =$G173+$I173 -> 2.1 | K173: =($G173+$I173)*THONG_TIN_CHUNG!B$13 -> 42 | L173: 40
B174: 19 | C174: Tán Inox 304 M8 | D174: CX1NOA0079 | F174: Cái | G174: 6 | H174: 5 | I174: =$G174*$H174/100 -> 0.3 | J174: =$G174+$I174 -> 6.3 | K174: =($G174+$I174)*THONG_TIN_CHUNG!B$13 -> 126 | L174: 120
B175: 20 | C175: TANG TRỐNG (CHI TIẾT P1) ɸ228.6*44*6MM, nhôm 6mm | D175: CX1VVU0592 | F175: Cái | G175: 1 | H175: 0 | I175: =$G175*$H175/100 -> 0 | J175: =$G175+$I175 -> 1 | K175: =($G175+$I175)*THONG_TIN_CHUNG!B$13 -> 20 | L175: 20
B176: 21 | C176: TANG TRỐNG (CHI TIẾT P2) ɸ228.6*64*6MM, nhôm 6mm | D176: CX1VVU0594 | F176: Cái | G176: 1 | H176: 0 | I176: =$G176*$H176/100 -> 0 | J176: =$G176+$I176 -> 1 | K176: =($G176+$I176)*THONG_TIN_CHUNG!B$13 -> 20 | L176: 20
B177: 22 | C177: Trục ɸ20*15*23.5MM, inox SS304 | D177: CX1KLO0607 | F177: Cái | G177: 1 | H177: 0 | I177: =$G177*$H177/100 -> 0 | J177: =$G177+$I177 -> 1 | K177: =($G177+$I177)*THONG_TIN_CHUNG!B$13 -> 20 | L177: 20
B178: 23 | C178: Vòng Bi CN 6002-DDU ZV3 RBI | D178: CX1RBI0563 | F178: Cái | G178: 1 | H178: 0 | I178: =$G178*$H178/100 -> 0 | J178: =$G178+$I178 -> 1 | K178: =($G178+$I178)*THONG_TIN_CHUNG!B$13 -> 20 | L178: 20
A179: =500-60 -> 440 | B179: =L179-K179 -> 59 | C179: Nhôm ống 34x5mm | D179: CX1NOA0508 | F179: mm | G179: 21 | H179: 5 | I179: =$G179*$H179/100 -> 1.05 | J179: =$G179+$I179 -> 22.05 | K179: =($G179+$I179)*THONG_TIN_CHUNG!B$13 -> 441 | L179: 500 | M179: hao hụt , ĐƯA PHẦN 0,06M VÀO 632
C180: Bulong inox 304 lục giác đầu bằng M8x70 | D180: CX1NOA0440 | F180: Cái | G180: 3 | H180: 5 | I180: =$G180*$H180/100 -> 0.15 | J180: =$G180+$I180 -> 3.15 | K180: =($G180+$I180)*THONG_TIN_CHUNG!B$13 -> 63 | L180: 60
C181: Bulong đầu bằng 6x80 | D181: 517 | G181: 1 | H181: 5 | I181: =$G181*$H181/100 -> 0.05 | J181: =$G181+$I181 -> 1.05 | K181: =($G181+$I181)*THONG_TIN_CHUNG!B$13 -> 21 | L181: 6 | M181: 2 mã này chung => ko vượt dm
C182: Bulong inox 304 pake chìm đầu bằng M6x70 | D182: CX1NOA0638 | L182: 14 | M182: mã 638 thay thế cho 517 cho các sp sau
C183: Bulong đầu dù vit bake 6x10 | G183: 1 | H183: 5 | I183: =$G183*$H183/100 -> 0.05 | J183: =$G183+$I183 -> 1.05 | K183: =($G183+$I183)*THONG_TIN_CHUNG!B$13 -> 21 | L183: 20
C184: Tay quay ɸ25*80MM, nhôm | D184: CX1KLO0608 | G184: 1 | H184: 5 | I184: =$G184*$H184/100 -> 0.05 | J184: =$G184+$I184 -> 1.05 | K184: =($G184+$I184)*THONG_TIN_CHUNG!B$13 -> 21 | L184: 20
C185: Bulong inox 304 lục giác chìm đầu trụ M5x16 | D185: 450 | G185: 0 | H185: 5 | I185: =$G185*$H185/100 -> 0 | J185: =$G185+$I185 -> 0 | K185: =($G185+$I185)*THONG_TIN_CHUNG!B$13 -> 0 | L185: 0
C186: Bulong inox 304 lục giác chìm đầu bằng M6x80 | D186: 517 | G186: 0 | H186: 5 | I186: =$G186*$H186/100 -> 0 | J186: =$G186+$I186 -> 0 | K186: =($G186+$I186)*THONG_TIN_CHUNG!B$13 -> 0 | L186: 0
C187: Long đền inox 304 M5x10x1mm | D187: 679 | F187: kg | G187: 0 | H187: 5 | I187: =$G187*$H187/100 -> 0 | J187: =$G187+$I187 -> 0 | K187: =($G187+$I187)*THONG_TIN_CHUNG!B$13 -> 0 | L187: 0
H188: 5 | I188: =$G188*$H188/100 -> 0 | J188: =$G188+$I188 -> 0 | K188: =($G188+$I188)*THONG_TIN_CHUNG!B$13 -> 0 | L188: 0
H189: 5 | I189: =$G189*$H189/100 -> 0 | J189: =$G189+$I189 -> 0 | K189: =($G189+$I189)*THONG_TIN_CHUNG!B$13 -> 0 | L189: 0
H190: 5 | I190: =$G190*$H190/100 -> 0 | J190: =$G190+$I190 -> 0 | K190: =($G190+$I190)*THONG_TIN_CHUNG!B$13 -> 0 | L190: 0
H191: 5 | I191: =$G191*$H191/100 -> 0 | J191: =$G191+$I191 -> 0 | K191: =($G191+$I191)*THONG_TIN_CHUNG!B$13 -> 0 | L191: 0
H192: 5 | I192: =$G192*$H192/100 -> 0 | J192: =$G192+$I192 -> 0 | K192: =($G192+$I192)*THONG_TIN_CHUNG!B$13 -> 0 | L192: 0
H193: 5 | I193: =$G193*$H193/100 -> 0 | J193: =$G193+$I193 -> 0 | K193: =($G193+$I193)*THONG_TIN_CHUNG!B$13 -> 0 | L193: 0
H194: 5 | I194: =$G194*$H194/100 -> 0 | J194: =$G194+$I194 -> 0 | K194: =($G194+$I194)*THONG_TIN_CHUNG!B$13 -> 0 | L194: 0
H195: 5 | I195: =$G195*$H195/100 -> 0 | J195: =$G195+$I195 -> 0 | K195: =($G195+$I195)*THONG_TIN_CHUNG!B$13 -> 0 | L195: 0
H196: 5 | I196: =$G196*$H196/100 -> 0 | J196: =$G196+$I196 -> 0 | K196: =($G196+$I196)*THONG_TIN_CHUNG!B$13 -> 0 | L196: 0
H197: 5 | I197: =$G197*$H197/100 -> 0 | J197: =$G197+$I197 -> 0 | K197: =($G197+$I197)*THONG_TIN_CHUNG!B$13 -> 0 | L197: 0
H198: 5 | I198: =$G198*$H198/100 -> 0 | J198: =$G198+$I198 -> 0 | K198: =($G198+$I198)*THONG_TIN_CHUNG!B$13 -> 0 | L198: 0
H199: 5 | I199: =$G199*$H199/100 -> 0 | J199: =$G199+$I199 -> 0 | K199: =($G199+$I199)*THONG_TIN_CHUNG!B$13 -> 0 | L199: 0
... H1071: 5 | I1071: =$G1071*$H1071/100 -> 0 | J1071: =$G1071+$I1071 -> 0 | K1071: =($G1071+$I1071)*THONG_TIN_CHUNG!B$13 -> 0 | L1071: 0

Sheet GRU30A05-OF-L
A8: CÔNG TY TNHH THƯƠNG MẠI DỊCH VỤ TECHNOJET
D15: BẢNG ĐỊNH MỨC VẬT TƯ - NHÂN CÔNG
D16: SẢN XUẤT 1 BỘ MECHANIMS CLUTCH REDUCER - LEFT SIDE
D17: MODEL: GRU30A05-OF-L
I62: Số phát hành:
I63: TP. Hồ Chí Minh, ngày 21 tháng 11 năm 2025.
A66: PHẦN 1: Phần Định mức Vật tư-Nguyên vật liệu sản xuất
A67: 1.1 DINH_MUC_VAT_TU_SAN_XUAT
A68: Tên cụm chị tiết | B68: Mã số chi tiết/ bản vẽ | C68: Số lượng cụm chi tiết | D68: Tên vật tư/NVL dùng để sx | E68: Mã kho | F68: Hình ảnh NVL | G68: Đơn vị theo thiết kế | H68: Số lượng theo thiết kế | I68: Đơn vị hệ thống | J68: Tỉ trọng chuyển đổi | K68: Số lượng sau chuyển đổi | L68: Số lượng xk thực tế (10 bộ)
D69: Vỏ hộp giảm tốc nhôm 229.8x106.2x76mm. NSX: Kim Lộc | E69: =VLOOKUP(D69,'KHO TNJ'!$B$6:$C1060,2,FALSE) -> CX1KLO0253 | G69: Cái | H69: 1 | L69: 10
D70: Nắp hộp giảm tốc nhôm 82x38x5mm. NSX: Kim Lộc | E70: =VLOOKUP(D70,'KHO TNJ'!$B$6:$C1060,2,FALSE) -> CX1KLO0254 | G70: Cái | H70: 1 | L70: 10
D71: Trục xoay 214.96*30MM, thép | E71: =VLOOKUP(D71,'KHO TNJ'!$B$6:$C1060,2,FALSE) -> CX1KLO0598 | G71: Cái | H71: 1 | L71: 10
D72: ĐĨA RĂNG 45C35, ɸ175.323*52*32.7MM, Thép C45 | E72: =VLOOKUP(D72,'KHO TNJ'!$B$6:$C1060,2,FALSE) -> CX1HTP0612 | G72: Cái | H72: 1 | L72: 10
D73: Nhông xích 40B-12T | E73: =VLOOKUP(D73,'KHO TNJ'!$B$6:$C1060,2,FALSE) -> CX1NOA0130 | G73: Cái | H73: 1 | L73: 10
D74: Bánh răng đồng tốc thép C45: 44 x 30,1 x 27 mm | E74: =VLOOKUP(D74,'KHO TNJ'!$B$6:$C1060,2,FALSE) -> CX1HTP0299 | G74: Cái | H74: 1 | L74: 10
D75: Càng gạt li hợp V2 95.983*6*117.6MM, inox SS304 | E75: =VLOOKUP(D75,'KHO TNJ'!$B$6:$C1060,2,FALSE) -> CX1KLO0599 | G75: Cái | H75: 1 | L75: 10
D76: Ổ giữ bạc đạn V2 104.483*65*21MM, inox SS304 | E76: =VLOOKUP(D76,'KHO TNJ'!$B$6:$C1060,2,FALSE) -> CX1KLO0601 | G76: Cái | H76: 1 | L76: 10
D77: Hộp điều khiển nhôm 78x55x54 mm, dày 3mm. NSX: Kim Lộc | E77: =VLOOKUP(D77,'KHO TNJ'!$B$6:$C1060,2,FALSE) -> CX1KLO0412 | G77: Cái | H77: 1 | L77: 10
D78: Nắp hộp điều khiển 67*50*1MM, nhôm | E78: =VLOOKUP(D78,'KHO TNJ'!$B$6:$C1060,2,FALSE) -> CX1KLO0595 | G78: Cái | H78: 1 | L78: 10
D79: MC – Khâu 2 (Phải) 89.15*16MM, inox SS304 | E79: =VLOOKUP(D79,'KHO TNJ'!$B$6:$C1060,2,FALSE) -> CX1KLO0597 | G79: Cái | H79: 1 | L79: 10
D80: Ti dẫn hướng inox 304 71.66x12mm. NSX: Kim Lộc | E80: =VLOOKUP(D80,'KHO TNJ'!$B$6:$C1060,2,FALSE) -> CX1KLO0414 | G80: Cái | H80: 1 | L80: 10
D81: MC - Khâu 1 inox 304 38x39,294x13mm. NSX: Kim Lộc | E81: =VLOOKUP(D81,'KHO TNJ'!$B$6:$C1060,2,FALSE) -> CX1KLO0422 | G81: Cái | H81: 1 | L81: 10
D82: MC - Khâu 3 inox 304 225x20mm. NSX: Kim Lộc | E82: =VLOOKUP(D82,'KHO TNJ'!$B$6:$C1060,2,FALSE) -> CX1KLO0416 | G82: Cái | H82: 1 | L82: 10
D83: MC - Khâu 4 inox 304 138x20mm. NSX: Kim Lộc | E83: =VLOOKUP(D83,'KHO TNJ'!$B$6:$C1060,2,FALSE) -> CX1KLO0423 | G83: Cái | H83: 1 | L83: 10
D84: PAT ĐIỀU KHIỂN BỘ GIẢM TỐC (PHẢI) 270*125*50MM, nhôm 5052 5mm | E84: =VLOOKUP(D84,'KHO TNJ'!$B$6:$C1060,2,FALSE) -> CX1VVU0584 | G84: Cái | H84: 1 | L84: 10
D85: Chốt định vị ɸ12*45MM, inox SS304 | E85: =VLOOKUP(D85,'KHO TNJ'!$B$6:$C1060,2,FALSE) -> CX1KLO0603 | G85: Cái | H85: 1 | L85: 20
D86: Bạc đạn (Vòng bi) SKF, model: 6206-2RS1/C3 | E86: =VLOOKUP(D86,'KHO TNJ'!$B$6:$C1060,2,FALSE) -> CX1SKF0111 | G86: Cái | H86: 2 | L86: 20
D87: Bạc đạn (VÒNG BI) 6205-2RSC3 ( 6303) | E87: =VLOOKUP(D87,'KHO TNJ'!$B$6:$C1060,2,FALSE) -> CX1SKF0213 | G87: Cái | H87: 1 | L87: 10
D88: Bạc đạn (Vòng bi) 6808 JRLLU, hiệu NTN | E88: =VLOOKUP(D88,'KHO TNJ'!$B$6:$C1060,2,FALSE) -> CX1NTN0250 | G88: Cái | H88: 1 | L88: 10
D89: Phe gài lỗ phi 62mm bằng thép | E89: =VLOOKUP(D89,'KHO TNJ'!$B$6:$C1060,2,FALSE) -> CX1NOA0146 | G89: Cái | H89: 2 | L89: 10
D90: Phe gài lỗ phi 56mm | E90: =VLOOKUP(D90,'KHO TNJ'!$B$6:$C1060,2,FALSE) -> CX1NOA0462 | G90: Cái | H90: 1 | L90: 10
D91: Phe gài Trục Phi 30 | E91: =VLOOKUP(D91,'KHO TNJ'!$B$6:$C1060,2,FALSE) -> CX1NOA0145 | G91: Cái | H91: 2 | L91: 10
D92: Phe gài trục phi 38mm | E92: =VLOOKUP(D92,'KHO TNJ'!$B$6:$C1060,2,FALSE) -> CX1NOA0457 | G92: Cái | H92: 1 | L92: 10
D93: Phe gài trục phi 10mm | E93: =VLOOKUP(D93,'KHO TNJ'!$B$6:$C1060,2,FALSE) -> CX1NOA0309 | G93: Cái | H93: 1 | L93: 10
D94: Tán inox 304 M10 | E94: =VLOOKUP(D94,'KHO TNJ'!$B$6:$C1060,2,FALSE) -> CX1NOA0001 | G94: Cái | H94: 2 | L94: 20
D95: Chốt lavet 8x8x30mm | E95: =VLOOKUP(D95,'KHO TNJ'!$B$6:$C1060,2,FALSE) -> CX1NOA0144 | G95: Cái | H95: 1 | L95: 10
D96: Bulong thép đen lục giác âm M6x5 | E96: =VLOOKUP(D96,'KHO TNJ'!$B$6:$C1060,2,FALSE) -> CX1NOA0148 | G96: Cái | H96: 3
D97: Bulong thép đen lục giác âm M6x6 | L97: 35
D98: Bulong Inox 304 M10x30 | E98: =VLOOKUP(D98,'KHO TNJ'!$B$6:$C1060,2,FALSE) -> CX1NOA0009 | G98: Cái | H98: 4 | L98: 40
D99: Bulong inox 304 M5x25 | E99: =VLOOKUP(D99,'KHO TNJ'!$B$6:$C1060,2,FALSE) -> CX1NOA0643 | G99: Cái | H99: 2 | L99: 10
D100: Bulong inox 304 lục giác chìm đầu dù M8x40 | E100: =VLOOKUP(D100,'KHO TNJ'!$B$6:$C1060,2,FALSE) -> CX1NOA0447 | G100: Cái | H100: 1 | L100: ko thấy xk
D101: Bulong inox 304 M8x15 | E101: =VLOOKUP(D101,'KHO TNJ'!$B$6:$C1060,2,FALSE) -> CX1NOA0468 | G101: Cái | H101: 2
D102: Bulong inox 304 M8x16 | E102: 704 | L102: 30
D103: Bulong inox 304 lục giác chìm đầu trụ M4x10 | E103: =VLOOKUP(D103,'KHO TNJ'!$B$6:$C1060,2,FALSE) -> CX1NOA0449 | G103: Cái | H103: 3 | L103: 30
D104: Bulong inox 304 lục giác chìm đầu trụ M3x10 | E104: =VLOOKUP(D104,'KHO TNJ'!$B$6:$C1060,2,FALSE) -> CX1NOA0448 | G104: Cái | H104: 4 | L104: 40
D105: Bulong inox 304 lục giác chìm đầu trụ M5x15 | E105: =VLOOKUP(D105,'KHO TNJ'!$B$6:$C1060,2,FALSE) -> CX1NOA0640 | G105: Cái | H105: 2
D106: Bulong inox 304 lục giác chìm đầu trụ M5x16 | L106: 20
D107: Bulong inox 304 lục giác chìm đầu dẹp M5x16 | L107: 10
D108: Trục xỏ chốt chẻ 6x30 | E108: =VLOOKUP(D108,'KHO TNJ'!$B$6:$C1060,2,FALSE) -> CX1NOA0466 | G108: Cái | H108: 1 | L108: 10
D109: Trục xỏ chốt chẻ 5x30 | E109: =VLOOKUP(D109,'KHO TNJ'!$B$6:$C1060,2,FALSE) -> CX1NOA0465 | G109: Cái | H109: 1
D110: Chốt chẻ inox 304 phi 2mm | E110: =VLOOKUP(D110,'KHO TNJ'!$B$6:$C1060,2,FALSE) -> CX1NOA0644 | G110: Cái | H110: 1
D112: Long đền inox 304 M6x16 mm | E112: =VLOOKUP(D112,'KHO TNJ'!$B$6:$C1060,2,FALSE) -> CX1NOA0278 | G112: Cái | H112: 2
D113: Long đền inox 304 M8x19x2mm | E113: =VLOOKUP(D113,'KHO TNJ'!$B$6:$C1060,2,FALSE) -> CX1NOA0455 | G113: Cái | H113: 6 | L113: 20
D114: Long Đền inox 304 M10x21, dày 1mm | E114: =VLOOKUP(D114,'KHO TNJ'!$B$6:$C1060,2,FALSE) -> CX1NOA0178 | G114: Cái | H114: 8 | L114: 40
D115: Tán inox 304 M10 | E115: =VLOOKUP(D115,'KHO TNJ'!$B$6:$C1060,2,FALSE) -> CX1NOA0001 | G115: Cái | H115: 4
D116: Tán inox 304 M6 | E116: =VLOOKUP(D116,'KHO TNJ'!$B$6:$C1060,2,FALSE) -> CX1NOA0081 | G116: Cái | H116: 4
D117: Tán Inox 304 M8 | E117: =VLOOKUP(D117,'KHO TNJ'!$B$6:$C1060,2,FALSE) -> CX1NOA0079 | G117: Cái | H117: 1 | L117: 10
D118: Tán inox 304 M5 | E118: =VLOOKUP(D118,'KHO TNJ'!$B$6:$C1060,2,FALSE) -> CX1NOA0235 | G118: Cái | H118: 1 | L118: 10
D119: Ốc mỡ M6 | E119: =VLOOKUP(D119,'KHO TNJ'!$B$6:$C1060,2,FALSE) -> CX1NOA0345 | G119: Cái | H119: 1 | L119: 10
D120: Lò xo nén Inox 304, phi 45mm, dài 45mm, đường kính 2,2mm | E120: =VLOOKUP(D120,'KHO TNJ'!$B$6:$C1060,2,FALSE) -> CX1PLY0306 | G120: Cái | H120: 1 | L120: 10
D121: Lò xo bật 1,5mm, dài 20mm, đường kính trong 17mm | E121: =VLOOKUP(D121,'KHO TNJ'!$B$6:$C1060,2,FALSE) -> CX1NOA0646 | G121: Cái | H121: 1
D122: Đinh tán inox đầu lục giác ren trong 5x16 | E122: 700 | G122: Cái | H122: 1 | L122: 10
D123: Phe gài trục thép đen phi 25mm | E123: CX1NOA0702 | G123: Cái | H123: 1 | L123: 10
A131: END
A132: 1.2 Tổng hợp nguyên vật liệu sản xuất.
B133: STT | C133: Tên vật tư | D133: Mã kho | E133: Hình ảnh chi tiết | F133: Đơn vị | G133: Số lượng | H133: Hao hụt theo % | I133: Số lượng hao hụt theo % | J133: Số lượng thực tế/ 1bộ | K133: Số lượng cho dự án | L133: Xuất kho thực tế
A134: VAT_TU_GIAN_TIEP
B135: 1 | C135: Keo Loctite 567 250ml | D135: {=IF(C135="","",IFERROR(INDEX('KHO TNJ'!$C$6:$C1060,MATCH(C135,'KHO TNJ'!$B$6:$B1060,0)),"#N/A"))} -> CX1LOC0016 | F135: Chai | G135: 0.05 | H135: 5 | I135: =$G135*$H135/100 -> 0.0025 | J135: =$G135+$I135 -> 0.0525 | K135: =($G135+$I135)*THONG_TIN_CHUNG!B$14 -> 0.525 | L135: 0
B136: 2 | C136: Keo khóa ren Loctite 243 250ml | D136: {=IF(C136="","",IFERROR(INDEX('KHO TNJ'!$C$6:$C1060,MATCH(C136,'KHO TNJ'!$B$6:$B1060,0)),"#N/A"))} -> CX2LOC0155 | F136: Chai | G136: 0.05 | H136: 5 | I136: =$G136*$H136/100 -> 0.0025 | J136: =$G136+$I136 -> 0.0525 | K136: =($G136+$I136)*THONG_TIN_CHUNG!B$14 -> 0.525 | L136: 0
B137: 3 | C137: Đá cắt Cn 100.1,5.16 | D137: {=IF(C137="","",IFERROR(INDEX('KHO TNJ'!$C$6:$C1060,MATCH(C137,'KHO TNJ'!$B$6:$B1060,0)),"#N/A"))} -> CX1NOA0031 | F137: Cái | G137: 0 | H137: 5 | I137: =$G137*$H137/100 -> 0 | J137: =$G137+$I137 -> 0 | K137: =($G137+$I137)*THONG_TIN_CHUNG!B$14 -> 0 | L137: 0
B138: 4 | C138: Đá mài HẢI DƯƠNG Bavia Cn 100.6.16 | D138: {=IF(C138="","",IFERROR(INDEX('KHO TNJ'!$C$6:$C1060,MATCH(C138,'KHO TNJ'!$B$6:$B1060,0)),"#N/A"))} -> CX1HDU0032 | F138: Cái | G138: 0 | H138: 5 | I138: =$G138*$H138/100 -> 0 | J138: =$G138+$I138 -> 0 | K138: =($G138+$I138)*THONG_TIN_CHUNG!B$14 -> 0 | L138: 0
B139: 5 | C139: Nhám xếp 100x16mm P80 nắp lưới kim loại Hưng Ngọc | D139: {=IF(C139="","",IFERROR(INDEX('KHO TNJ'!$C$6:$C1060,MATCH(C139,'KHO TNJ'!$B$6:$B1060,0)),"#N/A"))} -> #N/A | F139: Cái | G139: 0 | H139: 5 | I139: =$G139*$H139/100 -> 0 | J139: =$G139+$I139 -> 0 | K139: =($G139+$I139)*THONG_TIN_CHUNG!B$14 -> 0 | L139: 0
H140: 5 | I140: =$G140*$H140/100 -> 0 | J140: =$G140+$I140 -> 0 | K140: =($G140+$I140)*THONG_TIN_CHUNG!B$14 -> 0 | L140: 0
B141: 7 | C141: Dầu cắt gọt kim loại MQ oil 18L | D141: {=IF(C141="","",IFERROR(INDEX('KHO TNJ'!$C$6:$C1060,MATCH(C141,'KHO TNJ'!$B$6:$B1060,0)),"#N/A"))} -> CX1MQ#0154 | F141: Mili lít | G141: 0 | H141: 5 | I141: =$G141*$H141/100 -> 0 | J141: =$G141+$I141 -> 0 | K141: =($G141+$I141)*THONG_TIN_CHUNG!B$14 -> 0 | L141: 0
B142: 8 | C142: Que hàn Inox ATLANTIC (Dây hàn) CHG-308 phi 1.6mm | D142: {=IF(C142="","",IFERROR(INDEX('KHO TNJ'!$C$6:$C1060,MATCH(C142,'KHO TNJ'!$B$6:$B1060,0)),"#N/A"))} -> #N/A | F142: Cây | G142: 0 | H142: 5 | I142: =$G142*$H142/100 -> 0 | J142: =$G142+$I142 -> 0 | K142: =($G142+$I142)*THONG_TIN_CHUNG!B$14 -> 0 | L142: 0
B143: 9 | C143: Màng quấn PE khổ 20cm | D143: {=IF(C143="","",IFERROR(INDEX('KHO TNJ'!$C$6:$C1060,MATCH(C143,'KHO TNJ'!$B$6:$B1060,0)),"#N/A"))} -> CX1NOA0371 | F143: Cây | G143: 0.03 | H143: 5 | I143: =$G143*$H143/100 -> 0.0015 | J143: =$G143+$I143 -> 0.0315 | K143: =($G143+$I143)*THONG_TIN_CHUNG!B$14 -> 0.315 | L143: 0
B144: 10 | C144: Que hàn nhôm (Dây nhôm hợp kim) ER5356 loại 2.4mm | D144: {=IF(C144="","",IFERROR(INDEX('KHO TNJ'!$C$6:$C1060,MATCH(C144,'KHO TNJ'!$B$6:$B1060,0)),"#N/A"))} -> #N/A | F144: Cây | G144: 0 | H144: 5 | I144: =$G144*$H144/100 -> 0 | J144: =$G144+$I144 -> 0 | K144: =($G144+$I144)*THONG_TIN_CHUNG!B$14 -> 0 | L144: 0
A145: VAT_TU_TRUC_TIEP
B146: 1 | C146: Bạc đạn (VÒNG BI) 6205-2RSC3 ( 6303) | D146: CX1SKF0213 | F146: Cái | G146: 1 | H146: 0 | I146: =$G146*$H146/100 -> 0 | J146: =$G146+$I146 -> 1 | K146: =($G146+$I146)*THONG_TIN_CHUNG!B$14 -> 10 | L146: 10
B147: 2 | C147: Bạc đạn (Vòng bi) 6808 JRLLU, hiệu NTN | D147: CX1NTN0250 | F147: Cái | G147: 1 | H147: 0 | I147: =$G147*$H147/100 -> 0 | J147: =$G147+$I147 -> 1 | K147: =($G147+$I147)*THONG_TIN_CHUNG!B$14 -> 10 | L147: 10
B148: 3 | C148: Bạc đạn (Vòng bi) 696 ZZ 2RS | D148: CX1DPI0445 | F148: Cái | G148: 0 | H148: 5 | I148: =$G148*$H148/100 -> 0 | J148: =$G148+$I148 -> 0 | K148: =($G148+$I148)*THONG_TIN_CHUNG!B$14 -> 0 | L148: 0
B149: 4 | C149: Bạc đạn (Vòng bi) SKF, model: 6206-2RS1/C3 | D149: CX1SKF0111 | F149: Cái | G149: 2 | H149: 0 | I149: =$G149*$H149/100 -> 0 | J149: =$G149+$I149 -> 2 | K149: =($G149+$I149)*THONG_TIN_CHUNG!B$14 -> 20 | L149: 20
B150: 5 | C150: Bánh răng đồng tốc thép C45: 44 x 30,1 x 27 mm | D150: CX1HTP0299 | F150: Cái | G150: 1 | H150: 5 | I150: =$G150*$H150/100 -> 0.05 | J150: =$G150+$I150 -> 1.05 | K150: =($G150+$I150)*THONG_TIN_CHUNG!B$14 -> 10.5 | L150: 10
B151: 6 | C151: Bulong inox 304 lục giác chìm đầu dù M8x40 | D151: CX1NOA0447 | F151: Cái | G151: 1 | H151: 5 | I151: =$G151*$H151/100 -> 0.05 | J151: =$G151+$I151 -> 1.05 | K151: =($G151+$I151)*THONG_TIN_CHUNG!B$14 -> 10.5 | L151: ko thấy xk
B152: 7 | C152: Bulong inox 304 lục giác chìm đầu trụ M3x10 | D152: CX1NOA0448 | F152: Cái | G152: 4 | H152: 5 | I152: =$G152*$H152/100 -> 0.2 | J152: =$G152+$I152 -> 4.2 | K152: =($G152+$I152)*THONG_TIN_CHUNG!B$14 -> 42 | L152: =40+1 -> 41 | M152: +1 con hao hụt t7
B153: 8 | C153: Bulong inox 304 lục giác chìm đầu trụ M4x10 | D153: CX1NOA0449 | F153: Cái | G153: 3 | H153: 5 | I153: =$G153*$H153/100 -> 0.15 | J153: =$G153+$I153 -> 3.15 | K153: =($G153+$I153)*THONG_TIN_CHUNG!B$14 -> 31.5 | L153: 30
B154: 9 | C154: Bulong inox 304 lục giác chìm đầu trụ M5x15 | D154: CX1NOA0640 | F154: Cái | G154: 2 | H154: 5 | I154: =$G154*$H154/100 -> 0.1 | J154: =$G154+$I154 -> 2.1 | K154: =($G154+$I154)*THONG_TIN_CHUNG!B$14 -> 21 | L154: 20
B155: 10 | C155: Bulong inox 304 lục giác chìm đầu trụ M6x50 | D155: CX1NOA0452 | F155: Cái | G155: 0 | H155: 5 | I155: =$G155*$H155/100 -> 0 | J155: =$G155+$I155 -> 0 | K155: =($G155+$I155)*THONG_TIN_CHUNG!B$14 -> 0 | L155: 0
B156: 11 | C156: Bulong Inox 304 M10x30 | D156: CX1NOA0009 | F156: Cái | G156: 4 | H156: 5 | I156: =$G156*$H156/100 -> 0.2 | J156: =$G156+$I156 -> 4.2 | K156: =($G156+$I156)*THONG_TIN_CHUNG!B$14 -> 42 | L156: =40-4 -> 36
B157: 12 | C157: Bulong inox 304 M5x25 | D157: CX1NOA0643 | F157: Cái | G157: 2 | H157: 5 | I157: =$G157*$H157/100 -> 0.1 | J157: =$G157+$I157 -> 2.1 | K157: =($G157+$I157)*THONG_TIN_CHUNG!B$14 -> 21 | L157: =10-10 -> 0 | M157: ko xuất kho , mã Đinh tán inox 304 đầu lục giác ren trong M5X16-cx...700, thay thế cho mã này
B158: 13 | C158: Bulong inox 304 M8x15 | D158: CX1NOA0468 | F158: Cái | G158: 2 | H158: 5 | I158: =$G158*$H158/100 -> 0.1 | J158: =$G158+$I158 -> 2.1 | K158: =($G158+$I158)*THONG_TIN_CHUNG!B$14 -> 21 | L158: =30-10 -> 20 | M158: hoàn 10/24 con
A159: hao hụt | B159: 14 | C159: Bulong thép đen lục giác âm M6x5 | D159: CX1NOA0148 | F159: Cái | G159: 3 | H159: 0 | I159: =$G159*$H159/100 -> 0 | J159: =$G159+$I159 -> 3 | K159: =($G159+$I159)*THONG_TIN_CHUNG!B$14 -> 30 | L159: 30 | M159: mã 6x6-281, do nk nhầm vs reducer bên phải, đã sửa
B160: 15 | C160: Càng gạt li hợp V2 95.983*6*117.6MM, inox SS304 | D160: CX1KLO0599 | F160: Cái | G160: 1 | H160: 0 | I160: =$G160*$H160/100 -> 0 | J160: =$G160+$I160 -> 1 | K160: =($G160+$I160)*THONG_TIN_CHUNG!B$14 -> 10 | L160: 10
B161: 16 | C161: Chi tiết điều khiển thắng tay ɸ40*202.392MM, nhôm | D161: CX1KLO0604 | F161: Cái | G161: 0 | H161: 0 | I161: =$G161*$H161/100 -> 0 | J161: =$G161+$I161 -> 0 | K161: =($G161+$I161)*THONG_TIN_CHUNG!B$14 -> 0 | L161: 0
B162: 17 | C162: Chi tiết trượt inox 304 80x27x23mm. NSX : Kim Lộc | D162: CX1KLO0425 | F162: Cái | G162: 0 | H162: 0 | I162: =$G162*$H162/100 -> 0 | J162: =$G162+$I162 -> 0 | K162: =($G162+$I162)*THONG_TIN_CHUNG!B$14 -> 0 | L162: 0
B163: 18 | C163: Chốt chẻ inox 304 phi 2mm | D163: CX1NOA0644 | F163: Cái | G163: 1 | H163: 0 | I163: =$G163*$H163/100 -> 0 | J163: =$G163+$I163 -> 1 | K163: =($G163+$I163)*THONG_TIN_CHUNG!B$14 -> 10 | L163: 0
B164: 19 | C164: Chốt định vị ɸ12*45MM, inox SS304 | D164: CX1KLO0603 | F164: Cái | G164: 1 | H164: 0 | I164: =$G164*$H164/100 -> 0 | J164: =$G164+$I164 -> 1 | K164: =($G164+$I164)*THONG_TIN_CHUNG!B$14 -> 10 | L164: =20-10 -> 10
B165: 20 | C165: Chốt lavet 8x8x30mm | D165: CX1NOA0144 | F165: Cái | G165: 1 | H165: 5 | I165: =$G165*$H165/100 -> 0.05 | J165: =$G165+$I165 -> 1.05 | K165: =($G165+$I165)*THONG_TIN_CHUNG!B$14 -> 10.5 | L165: 10 | M165: + 1 cái tiêu hao tháng 7, 1 cái đưa vào 632
B166: 21 | C166: CHỐT TRƯỢT 1 ɸ9*42MM, Inox SUS304 | D166: CX1HTP0633 | F166: Cái | G166: 0 | H166: 0 | I166: =$G166*$H166/100 -> 0 | J166: =$G166+$I166 -> 0 | K166: =($G166+$I166)*THONG_TIN_CHUNG!B$14 -> 0 | L166: 0
B167: 22 | C167: CHỐT TRƯỢT 2 ɸ9*45MM, Inox SUS304 | D167: CX1HTP0634 | F167: Cái | G167: 0 | H167: 0 | I167: =$G167*$H167/100 -> 0 | J167: =$G167+$I167 -> 0 | K167: =($G167+$I167)*THONG_TIN_CHUNG!B$14 -> 0 | L167: 0
...

Sheet GRU30A05-OF-R
A8: CÔNG TY TNHH THƯƠNG MẠI DỊCH VỤ TECHNOJET
D15: BẢNG ĐỊNH MỨC VẬT TƯ - NHÂN CÔNG
D16: SẢN XUẤT 1 BỘ MECHANIMS CLUTCH REDUCER - LEFT SIDE
D17: MODEL: GRU30A05-OF-R
I62: Số phát hành:
I63: TP. Hồ Chí Minh, ngày 21 tháng 11 năm 2025.
A66: PHẦN 1: Phần Định mức Vật tư-Nguyên vật liệu sản xuất
A67: 1.1 DINH_MUC_VAT_TU_SAN_XUAT
A68: Tên cụm chị tiết | B68: Mã số chi tiết/ bản vẽ | C68: Số lượng cụm chi tiết | D68: Tên vật tư/NVL dùng để sx | E68: Mã kho | F68: Hình ảnh NVL | G68: Đơn vị theo thiết kế | H68: Số lượng theo thiết kế | I68: Đơn vị hệ thống | J68: Tỉ trọng chuyển đổi | K68: Số lượng sau chuyển đổi | L68: Số lượng xk thực tế
D69: Vỏ hộp giảm tốc nhôm 229.8x106.2x76mm. NSX: Kim Lộc | E69: =VLOOKUP(D69,'KHO TNJ'!$B$6:$C1058,2,FALSE) -> CX1KLO0253 | G69: Cái | H69: 1 | L69: 10
D70: Nắp hộp giảm tốc nhôm 82x38x5mm. NSX: Kim Lộc | E70: =VLOOKUP(D70,'KHO TNJ'!$B$6:$C1058,2,FALSE) -> CX1KLO0254 | G70: Cái | H70: 1 | L70: 10
D71: Trục xoay 214.96*30MM, thép | E71: =VLOOKUP(D71,'KHO TNJ'!$B$6:$C1058,2,FALSE) -> CX1KLO0598 | G71: Cái | H71: 1 | L71: 10
D72: ĐĨA RĂNG 45C35, ɸ175.323*52*32.7MM, Thép C45 | E72: =VLOOKUP(D72,'KHO TNJ'!$B$6:$C1058,2,FALSE) -> CX1HTP0612 | G72: Cái | H72: 1 | L72: 10
D73: Nhông xích 40B-12T | E73: =VLOOKUP(D73,'KHO TNJ'!$B$6:$C1058,2,FALSE) -> CX1NOA0130 | G73: Cái | H73: 1 | L73: 10
D74: Bánh răng đồng tốc thép C45: 44 x 30,1 x 27 mm | E74: =VLOOKUP(D74,'KHO TNJ'!$B$6:$C1058,2,FALSE) -> CX1HTP0299 | G74: Cái | H74: 1 | L74: 10
D75: Càng gạt li hợp V2 95.983*6*117.6MM, inox SS304 | E75: =VLOOKUP(D75,'KHO TNJ'!$B$6:$C1058,2,FALSE) -> CX1KLO0599 | G75: Cái | H75: 1 | L75: 10
D76: Ổ giữ bạc đạn V2 104.483*65*21MM, inox SS304 | E76: =VLOOKUP(D76,'KHO TNJ'!$B$6:$C1058,2,FALSE) -> CX1KLO0601 | G76: Cái | H76: 1 | L76: 10
D77: Hộp điều khiển nhôm 78x55x54 mm, dày 3mm. NSX: Kim Lộc | E77: =VLOOKUP(D77,'KHO TNJ'!$B$6:$C1058,2,FALSE) -> CX1KLO0412 | G77: Cái | H77: 1 | L77: 10
D78: Nắp hộp điều khiển 67*50*1MM, nhôm | E78: =VLOOKUP(D78,'KHO TNJ'!$B$6:$C1058,2,FALSE) -> CX1KLO0595 | G78: Cái | H78: 1 | L78: 10
D79: MC – Khâu 2 (Phải) 89.15*16MM, inox SS304 | E79: =VLOOKUP(D79,'KHO TNJ'!$B$6:$C1058,2,FALSE) -> CX1KLO0597 | G79: Cái | H79: 1 | L79: 10
D80: Ti dẫn hướng inox 304 71.66x12mm. NSX: Kim Lộc | E80: =VLOOKUP(D80,'KHO TNJ'!$B$6:$C1058,2,FALSE) -> CX1KLO0414 | G80: Cái | H80: 1 | L80: 10
D81: MC - Khâu 1 inox 304 38x39,294x13mm. NSX: Kim Lộc | E81: =VLOOKUP(D81,'KHO TNJ'!$B$6:$C1058,2,FALSE) -> CX1KLO0422 | G81: Cái | H81: 1 | L81: 10
D82: MC - Khâu 3 inox 304 225x20mm. NSX: Kim Lộc | E82: =VLOOKUP(D82,'KHO TNJ'!$B$6:$C1058,2,FALSE) -> CX1KLO0416 | G82: Cái | H82: 1 | L82: 10
D83: MC - Khâu 4 inox 304 138x20mm. NSX: Kim Lộc | E83: =VLOOKUP(D83,'KHO TNJ'!$B$6:$C1058,2,FALSE) -> CX1KLO0423 | G83: Cái | H83: 1 | L83: 10
D84: PAT ĐIỀU KHIỂN BỘ GIẢM TỐC (PHẢI) 270*125*50MM, nhôm 5052 5mm | E84: =VLOOKUP(D84,'KHO TNJ'!$B$6:$C1058,2,FALSE) -> CX1VVU0584 | G84: Cái | H84: 1 | L84: 10
D85: Chốt định vị ɸ12*45MM, inox SS304 | E85: =VLOOKUP(D85,'KHO TNJ'!$B$6:$C1058,2,FALSE) -> CX1KLO0603 | G85: Cái | H85: 2 | L85: 20
D86: Bạc đạn (Vòng bi) SKF, model: 6206-2RS1/C3 | E86: =VLOOKUP(D86,'KHO TNJ'!$B$6:$C1058,2,FALSE) -> CX1SKF0111 | G86: Cái | H86: 2 | L86: 20
D87: Bạc đạn (VÒNG BI) 6205-2RSC3 ( 6303) | E87: =VLOOKUP(D87,'KHO TNJ'!$B$6:$C1058,2,FALSE) -> CX1SKF0213 | G87: Cái | H87: 1 | L87: 10
D88: Bạc đạn (Vòng bi) 6808 JRLLU, hiệu NTN | E88: =VLOOKUP(D88,'KHO TNJ'!$B$6:$C1058,2,FALSE) -> CX1NTN0250 | G88: Cái | H88: 1 | L88: 10
D89: Phe gài lỗ phi 62mm bằng thép | E89: =VLOOKUP(D89,'KHO TNJ'!$B$6:$C1058,2,FALSE) -> CX1NOA0146 | G89: Cái | H89: 2 | L89: 14
D90: Phe gài lỗ phi 56mm | E90: =VLOOKUP(D90,'KHO TNJ'!$B$6:$C1058,2,FALSE) -> CX1NOA0462 | G90: Cái | H90: 1 | L90: 10
D91: Phe gài Trục Phi 30 | E91: =VLOOKUP(D91,'KHO TNJ'!$B$6:$C1058,2,FALSE) -> CX1NOA0145 | G91: Cái | H91: 2 | L91: 14
D92: Phe gài trục phi 38mm | E92: =VLOOKUP(D92,'KHO TNJ'!$B$6:$C1058,2,FALSE) -> CX1NOA0457 | G92: Cái | H92: 1 | L92: 10
D93: Phe gài trục 10mm | E93: CX1NOA0309 | G93: Cái | H93: 1 | L93: 10
D94: Chốt lavet 8x8x30mm | E94: =VLOOKUP(D94,'KHO TNJ'!$B$6:$C1058,2,FALSE) -> CX1NOA0144 | G94: Cái | H94: 1 | L94: 10
D95: Bulong thép đen lục giác âm M6x6 | E95: =VLOOKUP(D95,'KHO TNJ'!$B$6:$C1058,2,FALSE) -> CX1NOA0281 | G95: Cái | H95: 3
D96: Bulong thép đen lục giác âm M6x6 | L96: 26
D97: Bulong Inox 304 M10x30 | E97: =VLOOKUP(D97,'KHO TNJ'!$B$6:$C1058,2,FALSE) -> CX1NOA0009 | G97: Cái | H97: 4 | L97: 40
D98: Bulong inox 304 M5x25 | E98: =VLOOKUP(D98,'KHO TNJ'!$B$6:$C1058,2,FALSE) -> CX1NOA0643 | G98: Cái | H98: 2 | L98: 15
D99: Bulong inox 304 lục giác chìm đầu dù M8x40 | E99: =VLOOKUP(D99,'KHO TNJ'!$B$6:$C1058,2,FALSE) -> CX1NOA0447 | G99: Cái | H99: 1 | L99: 4
D100: Bulong inox 304 M8x15 | E100: =VLOOKUP(D100,'KHO TNJ'!$B$6:$C1058,2,FALSE) -> CX1NOA0468 | G100: Cái | H100: 1
D101: Bulong inox 304 M8x16 | E101: 704 | L101: 34
D102: Bulong inox 304 lục giác chìm đầu trụ M4x10 | E102: =VLOOKUP(D102,'KHO TNJ'!$B$6:$C1058,2,FALSE) -> CX1NOA0449 | G102: Cái | H102: 3 | L102: 30
D103: Bulong inox 304 lục giác chìm đầu trụ M3x10 | E103: =VLOOKUP(D103,'KHO TNJ'!$B$6:$C1058,2,FALSE) -> CX1NOA0448 | G103: Cái | H103: 4 | L103: 40
D104: Bulong inox 304 lục giác chìm đầu trụ M5x15 | E104: =VLOOKUP(D104,'KHO TNJ'!$B$6:$C1058,2,FALSE) -> CX1NOA0640 | G104: Cái | H104: 2
D105: Bulong inox 304 lục giác chìm đầu trụ M5x16 | E105: 450 | L105: 20
D106: Trục xỏ chốt chẻ 6x30 | E106: =VLOOKUP(D106,'KHO TNJ'!$B$6:$C1058,2,FALSE) -> CX1NOA0466 | G106: Cái | H106: 1 | L106: 10
D107: Trục xỏ chốt chẻ 5x30 | E107: =VLOOKUP(D107,'KHO TNJ'!$B$6:$C1058,2,FALSE) -> CX1NOA0465 | G107: Cái | H107: 0 | L107: 4
D108: Chốt chẻ inox 304 phi 2mm | E108: =VLOOKUP(D108,'KHO TNJ'!$B$6:$C1058,2,FALSE) -> CX1NOA0644 | G108: Cái | H108: 1
D109: Bulong inox 304 M8x15 | E109: =VLOOKUP(D109,'KHO TNJ'!$B$6:$C1058,2,FALSE) -> CX1NOA0468 | G109: Cái | H109: 1
D110: Long đền inox 304 M6x16 mm | E110: =VLOOKUP(D110,'KHO TNJ'!$B$6:$C1058,2,FALSE) -> CX1NOA0278 | G110: Cái | H110: 4 | L110: 8
D111: Long đền inox 304 M8x19x2mm | E111: =VLOOKUP(D111,'KHO TNJ'!$B$6:$C1058,2,FALSE) -> CX1NOA0455 | G111: Cái | H111: 6 | L111: 36
D112: Long Đền inox 304 M10x21, dày 1mm | E112: =VLOOKUP(D112,'KHO TNJ'!$B$6:$C1058,2,FALSE) -> CX1NOA0178 | G112: Cái | H112: 8 | L112: 56
D113: Tán inox 304 M10 | E113: =VLOOKUP(D113,'KHO TNJ'!$B$6:$C1058,2,FALSE) -> CX1NOA0001 | G113: Cái | H113: 6 | L113: 48
D114: Tán inox 304 M6 | E114: =VLOOKUP(D114,'KHO TNJ'!$B$6:$C1058,2,FALSE) -> CX1NOA0081 | G114: Cái | H114: 4 | L114: 16
D115: Tán Inox 304 M8 | E115: =VLOOKUP(D115,'KHO TNJ'!$B$6:$C1058,2,FALSE) -> CX1NOA0079 | G115: Cái | H115: 1 | L115: 10
D116: Tán inox 304 M5 | E116: =VLOOKUP(D116,'KHO TNJ'!$B$6:$C1058,2,FALSE) -> CX1NOA0235 | G116: Cái | H116: 1 | L116: 10
D117: Ốc mỡ M6 | E117: =VLOOKUP(D117,'KHO TNJ'!$B$6:$C1058,2,FALSE) -> CX1NOA0345 | G117: Cái | H117: 1 | L117: 10
D118: Lò xo nén Inox 304, phi 45mm, dài 45mm, đường kính 2,2mm | E118: =VLOOKUP(D118,'KHO TNJ'!$B$6:$C1058,2,FALSE) -> CX1PLY0306 | G118: Cái | H118: 1 | L118: 10
D119: Lò xo bật 1,5mm, dài 20mm, đường kính trong 17mm | E119: =VLOOKUP(D119,'KHO TNJ'!$B$6:$C1058,2,FALSE) -> CX1NOA0646 | G119: Cái | H119: 1
D120: Bulong đầu dẹt 5x16 | E120: 703 | G120: Cái | H120: 1 | L120: 10
D121: Đinh tán 304 đầu lục giác ren 5x16 | E121: 700 | G121: Cái | H121: 1 | L121: 10
D122: Phe gài trục thép đen phi 25mm | E122: 702 | G122: Cái | H122: 1 | L122: 10
A129: END
A130: 1.2 Tổng hợp nguyên vật liệu sản xuất.
B131: STT | C131: Tên vật tư | D131: Mã kho | E131: Hình ảnh chi tiết | F131: Đơn vị | G131: Số lượng | H131: Hao hụt theo % | I131: Số lượng hao hụt theo % | J131: Số lượng thực tế/ 1bộ | K131: Số lượng cho dự án | L131: Xuất kho thực tế
A132: VAT_TU_GIAN_TIEP
B133: 1 | C133: Keo Loctite 567 250ml | D133: {=IF(C133="","",IFERROR(INDEX('KHO TNJ'!$C$6:$C1058,MATCH(C133,'KHO TNJ'!$B$6:$B1058,0)),"#N/A"))} -> CX1LOC0016 | F133: Chai | G133: 0.05 | H133: 5 | I133: =$G133*$H133/100 -> 0.0025 | J133: =$G133+$I133 -> 0.0525 | K133: =($G133+$I133)*THONG_TIN_CHUNG!B$15 -> 0.525 | L133: 0
B134: 2 | C134: Keo khóa ren Loctite 243 250ml | D134: {=IF(C134="","",IFERROR(INDEX('KHO TNJ'!$C$6:$C1058,MATCH(C134,'KHO TNJ'!$B$6:$B1058,0)),"#N/A"))} -> CX2LOC0155 | F134: Chai | G134: 0.05 | H134: 5 | I134: =$G134*$H134/100 -> 0.0025 | J134: =$G134+$I134 -> 0.0525 | K134: =($G134+$I134)*THONG_TIN_CHUNG!B$15 -> 0.525 | L134: 0
B135: 3 | C135: Đá cắt Cn 100.1,5.16 | D135: {=IF(C135="","",IFERROR(INDEX('KHO TNJ'!$C$6:$C1058,MATCH(C135,'KHO TNJ'!$B$6:$B1058,0)),"#N/A"))} -> CX1NOA0031 | F135: Cái | G135: 0 | H135: 5 | I135: =$G135*$H135/100 -> 0 | J135: =$G135+$I135 -> 0 | K135: =($G135+$I135)*THONG_TIN_CHUNG!B$15 -> 0 | L135: 0
B136: 4 | C136: Đá mài HẢI DƯƠNG Bavia Cn 100.6.16 | D136: {=IF(C136="","",IFERROR(INDEX('KHO TNJ'!$C$6:$C1058,MATCH(C136,'KHO TNJ'!$B$6:$B1058,0)),"#N/A"))} -> CX1HDU0032 | F136: Cái | G136: 0 | H136: 5 | I136: =$G136*$H136/100 -> 0 | J136: =$G136+$I136 -> 0 | K136: =($G136+$I136)*THONG_TIN_CHUNG!B$15 -> 0 | L136: 0
B137: 5 | C137: Nhám xếp 100x16mm P80 nắp lưới kim loại Hưng Ngọc | D137: {=IF(C137="","",IFERROR(INDEX('KHO TNJ'!$C$6:$C1058,MATCH(C137,'KHO TNJ'!$B$6:$B1058,0)),"#N/A"))} -> #N/A | F137: Cái | G137: 0 | H137: 5 | I137: =$G137*$H137/100 -> 0 | J137: =$G137+$I137 -> 0 | K137: =($G137+$I137)*THONG_TIN_CHUNG!B$15 -> 0 | L137: 0
K138: =($G138+$I138)*THONG_TIN_CHUNG!B$15 -> 0 | L138: 0
B139: 7 | C139: Dầu cắt gọt kim loại MQ oil 18L | D139: {=IF(C139="","",IFERROR(INDEX('KHO TNJ'!$C$6:$C1058,MATCH(C139,'KHO TNJ'!$B$6:$B1058,0)),"#N/A"))} -> CX1MQ#0154 | F139: Mili lít | G139: 0 | H139: 5 | I139: =$G139*$H139/100 -> 0 | J139: =$G139+$I139 -> 0 | K139: =($G139+$I139)*THONG_TIN_CHUNG!B$15 -> 0 | L139: 0
B140: 8 | C140: Que hàn Inox ATLANTIC (Dây hàn) CHG-308 phi 1.6mm | D140: {=IF(C140="","",IFERROR(INDEX('KHO TNJ'!$C$6:$C1058,MATCH(C140,'KHO TNJ'!$B$6:$B1058,0)),"#N/A"))} -> #N/A | F140: Cây | G140: 0 | H140: 5 | I140: =$G140*$H140/100 -> 0 | J140: =$G140+$I140 -> 0 | K140: =($G140+$I140)*THONG_TIN_CHUNG!B$15 -> 0 | L140: 0
B141: 9 | C141: Màng quấn PE khổ 20cm | D141: {=IF(C141="","",IFERROR(INDEX('KHO TNJ'!$C$6:$C1058,MATCH(C141,'KHO TNJ'!$B$6:$B1058,0)),"#N/A"))} -> CX1NOA0371 | F141: Cây | G141: 0.03 | H141: 5 | I141: =$G141*$H141/100 -> 0.0015 | J141: =$G141+$I141 -> 0.0315 | K141: =($G141+$I141)*THONG_TIN_CHUNG!B$15 -> 0.315 | L141: 0
B142: 10 | C142: Que hàn nhôm (Dây nhôm hợp kim) ER5356 loại 2.4mm | D142: {=IF(C142="","",IFERROR(INDEX('KHO TNJ'!$C$6:$C1058,MATCH(C142,'KHO TNJ'!$B$6:$B1058,0)),"#N/A"))} -> #N/A | F142: Cây | G142: 0 | H142: 5 | I142: =$G142*$H142/100 -> 0 | J142: =$G142+$I142 -> 0 | K142: =($G142+$I142)*THONG_TIN_CHUNG!B$15 -> 0 | L142: 0
A143: VAT_TU_TRUC_TIEP
B144: 1 | C144: Bạc đạn (VÒNG BI) 6205-2RSC3 ( 6303) | D144: CX1SKF0213 | F144: Cái | G144: 1 | H144: 0 | I144: =$G144*$H144/100 -> 0 | J144: =$G144+$I144 -> 1 | K144: =($G144+$I144)*THONG_TIN_CHUNG!B$15 -> 10 | L144: 10
B145: 2 | C145: Bạc đạn (Vòng bi) 6808 JRLLU, hiệu NTN | D145: CX1NTN0250 | F145: Cái | G145: 1 | H145: 0 | I145: =$G145*$H145/100 -> 0 | J145: =$G145+$I145 -> 1 | K145: =($G145+$I145)*THONG_TIN_CHUNG!B$15 -> 10 | L145: 10
B146: 3 | C146: Bạc đạn (Vòng bi) 696 ZZ 2RS | D146: CX1DPI0445 | F146: Cái | G146: 0 | H146: 5 | I146: =$G146*$H146/100 -> 0 | J146: =$G146+$I146 -> 0 | K146: =($G146+$I146)*THONG_TIN_CHUNG!B$15 -> 0 | L146: 0
B147: 4 | C147: Bạc đạn (Vòng bi) SKF, model: 6206-2RS1/C3 | D147: CX1SKF0111 | F147: Cái | G147: 2 | H147: 0 | I147: =$G147*$H147/100 -> 0 | J147: =$G147+$I147 -> 2 | K147: =($G147+$I147)*THONG_TIN_CHUNG!B$15 -> 20 | L147: 20
B148: 5 | C148: Bánh răng đồng tốc thép C45: 44 x 30,1 x 27 mm | D148: CX1HTP0299 | F148: Cái | G148: 1 | H148: 5 | I148: =$G148*$H148/100 -> 0.05 | J148: =$G148+$I148 -> 1.05 | K148: =($G148+$I148)*THONG_TIN_CHUNG!B$15 -> 10.5 | L148: 10
B149: 6 | C149: Bulong inox 304 lục giác chìm đầu dù M8x40 | D149: CX1NOA0447 | F149: Cái | G149: 1 | H149: 5 | I149: =$G149*$H149/100 -> 0.05 | J149: =$G149+$I149 -> 1.05 | K149: =($G149+$I149)*THONG_TIN_CHUNG!B$15 -> 10.5 | L149: =4-2 -> 2
B150: 7 | C150: Bulong inox 304 lục giác chìm đầu trụ M3x10 | D150: CX1NOA0448 | F150: Cái | G150: 4 | H150: 5 | I150: =$G150*$H150/100 -> 0.2 | J150: =$G150+$I150 -> 4.2 | K150: =($G150+$I150)*THONG_TIN_CHUNG!B$15 -> 42 | L150: 40
B151: 8 | C151: Bulong inox 304 lục giác chìm đầu trụ M4x10 | D151: CX1NOA0449 | F151: Cái | G151: 3 | H151: 5 | I151: =$G151*$H151/100 -> 0.15 | J151: =$G151+$I151 -> 3.15 | K151: =($G151+$I151)*THONG_TIN_CHUNG!B$15 -> 31.5 | L151: 30
B152: 9 | C152: Bulong inox 304 lục giác chìm đầu trụ M5x15 | D152: CX1NOA0640 | F152: Cái | G152: 2 | H152: 5 | I152: =$G152*$H152/100 -> 0.1 | J152: =$G152+$I152 -> 2.1 | K152: =($G152+$I152)*THONG_TIN_CHUNG!B$15 -> 21 | L152: 20
B153: 10 | C153: Bulong inox 304 lục giác chìm đầu trụ M6x50 | D153: CX1NOA0452 | F153: Cái | G153: 0 | H153: 5 | I153: =$G153*$H153/100 -> 0 | J153: =$G153+$I153 -> 0 | K153: =($G153+$I153)*THONG_TIN_CHUNG!B$15 -> 0 | L153: 0
B154: 11 | C154: Bulong Inox 304 M10x30 | D154: CX1NOA0009 | F154: Cái | G154: 4 | H154: 5 | I154: =$G154*$H154/100 -> 0.2 | J154: =$G154+$I154 -> 4.2 | K154: =($G154+$I154)*THONG_TIN_CHUNG!B$15 -> 42 | L154: =40-4 -> 36
B155: 12 | C155: Bulong inox 304 M5x25 | D155: CX1NOA0643 | F155: Cái | G155: 2 | H155: 5 | I155: =$G155*$H155/100 -> 0.1 | J155: =$G155+$I155 -> 2.1 | K155: =($G155+$I155)*THONG_TIN_CHUNG!B$15 -> 21 | L155: =15-14 -> 1
B156: 13 | C156: Bulong inox 304 M8x15 | D156: CX1NOA0468 | F156: Cái | G156: 2 | H156: 0 | I156: =$G156*$H156/100 -> 0 | J156: =$G156+$I156 -> 2 | K156: =($G156+$I156)*THONG_TIN_CHUNG!B$15 -> 20 | L156: chung vs 8x16
B157: 14 | C157: Bulong thép đen lục giác âm M6x5 | D157: CX1NOA0148 | F157: Cái | G157: 0 | H157: 5 | I157: =$G157*$H157/100 -> 0 | J157: =$G157+$I157 -> 0 | K157: =($G157+$I157)*THONG_TIN_CHUNG!B$15 -> 0 | L157: 26
B158: 15 | C158: Càng gạt li hợp V2 95.983*6*117.6MM, inox SS304 | D158: CX1KLO0599 | F158: Cái | G158: 1 | H158: 0 | I158: =$G158*$H158/100 -> 0 | J158: =$G158+$I158 -> 1 | K158: =($G158+$I158)*THONG_TIN_CHUNG!B$15 -> 10 | L158: 10
B159: 16 | C159: Chi tiết điều khiển thắng tay ɸ40*202.392MM, nhôm | D159: CX1KLO0604 | F159: Cái | G159: 0 | H159: 0 | I159: =$G159*$H159/100 -> 0 | J159: =$G159+$I159 -> 0 | K159: =($G159+$I159)*THONG_TIN_CHUNG!B$15 -> 0 | L159: 0
B160: 17 | C160: Chi tiết trượt inox 304 80x27x23mm. NSX : Kim Lộc | D160: CX1KLO0425 | F160: Cái | G160: 0 | H160: 0 | I160: =$G160*$H160/100 -> 0 | J160: =$G160+$I160 -> 0 | K160: =($G160+$I160)*THONG_TIN_CHUNG!B$15 -> 0 | L160: 0
B161: 18 | C161: Chốt chẻ inox 304 phi 2mm | D161: CX1NOA0644 | F161: Cái | G161: 1 | H161: 0 | I161: =$G161*$H161/100 -> 0 | J161: =$G161+$I161 -> 1 | K161: =($G161+$I161)*THONG_TIN_CHUNG!B$15 -> 10 | L161: 0
B162: 19 | C162: Chốt định vị ɸ12*45MM, inox SS304 | D162: CX1KLO0603 | F162: Cái | G162: 2 | H162: 0 | I162: =$G162*$H162/100 -> 0 | J162: =$G162+$I162 -> 2 | K162: =($G162+$I162)*THONG_TIN_CHUNG!B$15 -> 20 | L162: =20-10 -> 10
B163: 20 | C163: Chốt lavet 8x8x30mm | D163: CX1NOA0144 | F163: Cái | G163: 1 | H163: 5 | I163: =$G163*$H163/100 -> 0.05 | J163: =$G163+$I163 -> 1.05 | K163: =($G163+$I163)*THONG_TIN_CHUNG!B$15 -> 10.5 | L163: 10
B164: 21 | C164: CHỐT TRƯỢT 1 ɸ9*42MM, Inox SUS304 | D164: CX1HTP0633 | F164: Cái | G164: 0 | H164: 0 | I164: =$G164*$H164/100 -> 0 | J164: =$G164+$I164 -> 0 | K164: =($G164+$I164)*THONG_TIN_CHUNG!B$15 -> 0 | L164: 0
B165: 22 | C165: CHỐT TRƯỢT 2 ɸ9*45MM, Inox SUS304 | D165: CX1HTP0634 | F165: Cái | G165: 0 | H165: 0 | I165: =$G165*$H165/100 -> 0 | J165: =$G165+$I165 -> 0 | K165: =($G165+$I165)*THONG_TIN_CHUNG!B$15 -> 0 | L165: 0
...

Sheet NH12ESP01-DC (DRAFT)
A8: CÔNG TY TNHH THƯƠNG MẠI DỊCH VỤ TECHNOJET
D15: BẢNG ĐỊNH MỨC VẬT TƯ - NHÂN CÔNG
D16: SẢN XUẤT 1 BỘ NOZZLE HOLDER-DUST CAP
D17: MODEL: NH12ESP01-DC
I62: Số phát hành:
I63: TP. Hồ Chí Minh, ngày 21 tháng 11 năm 2025.
A66: PHẦN 1: Phần Định mức Vật tư-Nguyên vật liệu sản xuất
A67: 1.1 DINH_MUC_VAT_TU_SAN_XUAT
A68: Tên cụm chị tiết | B68: Mã số chi tiết/ bản vẽ | C68: Số lượng cụm chi tiết | D68: Tên vật tư/NVL dùng để sx | E68: Mã kho | F68: Hình ảnh NVL | G68: Đơn vị theo thiết kế | H68: Số lượng theo thiết kế | I68: Đơn vị hệ thống | J68: Tỉ trọng chuyển đổi | K68: Số lượng sau chuyển đổi | L68: Số lượng xk thực tế
D69: Interlock holder chi tiết tĩnh | E69: =VLOOKUP(D69,'KHO TNJ'!$B$6:$C1060,2,FALSE) -> #N/A | G69: Cái | H69: 1
D70: INTERLOCK HOLDER SEP REV 4 PART2 | E70: =VLOOKUP(D70,'KHO TNJ'!$B$6:$C1060,2,FALSE) -> #N/A | G70: Cái | H70: 1
D71: IH SEP REV 4 PART3 (top bracket) | E71: =VLOOKUP(D71,'KHO TNJ'!$B$6:$C1060,2,FALSE) -> #N/A | G71: Cái | H71: 1
D72: IH SEP04 CONTROL HANDLE #PART1 | E72: =VLOOKUP(D72,'KHO TNJ'!$B$6:$C1060,2,FALSE) -> #N/A | G72: Cái | H72: 1
D73: IH SEP04 LOCK BLOCK ASS'Y # PART1 | E73: =VLOOKUP(D73,'KHO TNJ'!$B$6:$C1060,2,FALSE) -> #N/A | G73: Cái | H73: 1
D74: IH SEP04 LOCK BLOCK ASS'Y # PART12 | E74: =VLOOKUP(D74,'KHO TNJ'!$B$6:$C1060,2,FALSE) -> #N/A | G74: Cái | H74: 1
D75: Ống inox 304 đúc 17,1 x 3,2mm | E75: =VLOOKUP(D75,'KHO TNJ'!$B$6:$C1060,2,FALSE) -> CX1NOA0513 | G75: Mét | H75: 0.026 | K75: =H75*14*1.05 -> 0.3822 | L75: 0.35
D76: Bulong inox 304 lục giác chìm đầu trụ M6x50 | E76: =VLOOKUP(D76,'KHO TNJ'!$B$6:$C1060,2,FALSE) -> CX1NOA0452 | G76: Cái | H76: 2 | K76: =H76*14*1.05 -> 29.4 | L76: 28
C77: 3 con của tiêu hao t7 | D77: Bulong Inox 304 lục giác chìm đầu dù M6x16 | E77: CX1NOA0229 | G77: Cái | H77: 7 | K77: =H77*14*1.05 -> 102.9 | L77: =55+3 -> 58
D78: Bulong inox 304 lục giác chìm đầu dù M6x15 | E78: CX1NOA0275 | L78: 41
D79: Tán inox 304 M6 | E79: =VLOOKUP(D79,'KHO TNJ'!$B$6:$C1060,2,FALSE) -> CX1NOA0081 | G79: Cái | H79: 7 | K79: =H79*14*1.05 -> 102.9 | L79: 88
D80: Long đền inox 304 M6x16 mm | E80: =VLOOKUP(D80,'KHO TNJ'!$B$6:$C1060,2,FALSE) -> CX1NOA0278 | G80: Cái | H80: 14 | K80: =H80*14*1.05 -> 205.8 | L80: 182.7
K81: =H81*14*1.05 -> 0
D82: Lò xo nén (inox) đường kính trong 10mm, dày 1mm, dài 300mm | E82: =VLOOKUP(D82,'KHO TNJ'!$B$6:$C1060,2,FALSE) -> CX1NOA0685 | G82: Mét | H82: 0.08 | K82: =H82*14*1.05 -> 1.176 | L82: 1.08
D83: Khớp xoay chi tiết p1 (holder phiên bản có nắp chụp) | E83: =VLOOKUP(D83,'KHO TNJ'!$B$6:$C1060,2,FALSE) -> #N/A | G83: Cái | H83: 1 | K83: =H83*14*1.05 -> 14.7
D84: Khớp xoay chi tiết p2 (holder phiên bản có nắp chụp) | E84: =VLOOKUP(D84,'KHO TNJ'!$B$6:$C1060,2,FALSE) -> #N/A | G84: Cái | H84: 1 | K84: =H84*14*1.05 -> 14.7
D85: Tán Inox 304 M8 | E85: =VLOOKUP(D85,'KHO TNJ'!$B$6:$C1060,2,FALSE) -> CX1NOA0079 | G85: Cái | H85: 4 | K85: =H85*14*1.05 -> 58.8 | L85: 56
C86: nk lại | D86: Long_Đền 304 M8x19x1 | E86: =VLOOKUP(D86,'KHO TNJ'!$B$6:$C1060,2,FALSE) -> CX1NOA0680 | G86: Cái | H86: 8 | K86: =H86*14*1.05 -> 117.6 | L86: =131.4-96.2 -> 35.2
D87: Interlock holder - Pat lò xo | E87: =VLOOKUP(D87,'KHO TNJ'!$B$6:$C1060,2,FALSE) -> #N/A | G87: Cái | H87: 1 | K87: =H87*14*1.05 -> 14.7
D88: Interlock holder- Pat nắp chụp bụi | E88: =VLOOKUP(D88,'KHO TNJ'!$B$6:$C1060,2,FALSE) -> #N/A | G88: Cái | H88: 1 | K88: =H88*14*1.05 -> 14.7
D89: Bulong lục giác chìm đầu dù M8x15, inox 304 | E89: =VLOOKUP(D89,'KHO TNJ'!$B$6:$C1060,2,FALSE) -> CX1NOA0305 | G89: Cái | H89: 2 | K89: =H89*14*1.05 -> 29.4 | L89: 16
D90: Bulong inox 304 lục giác chìm đầu dù M8x16 | E90: =VLOOKUP(D90,'KHO TNJ'!$B$6:$C1060,2,FALSE) -> CX1NOA0688 | L90: 12
C91: xuất vào 632 | D91: Cây ty inox 304 (Cây tròn đặc): phi 10mm | E91: =VLOOKUP(D91,'KHO TNJ'!$B$6:$C1060,2,FALSE) -> CX1NOA0402 | G91: Mét | H91: 0.262 | K91: =H91*14*1.05 -> 3.8514 | L91: 3.89
B92: nk 2 cái | C92: dùng cho 8 bộ sau, nk lại 2 cái | D92: Phe gài trục phi 10mm | E92: =VLOOKUP(D92,'KHO TNJ'!$B$6:$C1060,2,FALSE) -> CX1NOA0309 | G92: Cái | H92: 2 | K92: =H92*8*1.05 -> 16.8 | L92: =18-2 -> 16
G93: Cái | K93: =H93*14*1.05 -> 0
B94: đã nk lại | C94: xuất cho bộ ko nắp, nên mã này cho bộ có nắp vượt định mức, nk lại 12 con | D94: Bulong inox 304 lục giác chìm đầu dù M6x40 | E94: =VLOOKUP(D94,'KHO TNJ'!$B$6:$C1060,2,FALSE) -> CX1NOA0689 | H94: 0 | K94: =H94*14*1.05 -> 0 | L94: =12-12 -> 0
B95: Chốt Chẻ Thép Mạ Kẽm 7 Màu (Chốt Bi) phi2x30mm | C95: dùng cho 6 bộ đầu | D95: Chốt chẻ inox 304 phi 2mm | E95: =VLOOKUP(D95,'KHO TNJ'!$B$6:$C1060,2,FALSE) -> CX1NOA0644 | H95: 2 | K95: =H95*6*1.05 -> 12.6 | L95: 12
K96: =H96*14*1.05 -> 0
A131: END
A132: 1.2 Tổng hợp nguyên vật liệu sản xuất.

Sheet NH12ESP01 (DRAFT)
A8: CÔNG TY TNHH THƯƠNG MẠI DỊCH VỤ TECHNOJET
D15: BẢNG ĐỊNH MỨC VẬT TƯ - NHÂN CÔNG
D16: SẢN XUẤT 1 BỘ NOZZLE HOLDER
D17: MODEL: NH12ESP01
I62: Số phát hành:
I63: TP. Hồ Chí Minh, ngày 21 tháng 11 năm 2025.
A66: PHẦN 1: Phần Định mức Vật tư-Nguyên vật liệu sản xuất
A67: 1.1 DINH_MUC_VAT_TU_SAN_XUAT
A68: Tên cụm chị tiết | B68: Mã số chi tiết/ bản vẽ | C68: Số lượng cụm chi tiết | D68: Tên vật tư/NVL dùng để sx | E68: Mã kho | F68: Hình ảnh NVL | G68: Đơn vị theo thiết kế | H68: Số lượng theo thiết kế | I68: Đơn vị hệ thống | J68: Tỉ trọng chuyển đổi | K68: Số lượng sau chuyển đổi | L68: Số lượng xk thực tế
D69: Interlock holder chi tiết tĩnh | E69: =VLOOKUP(D69,'KHO TNJ'!$B$6:$C1058,2,FALSE) -> #N/A | G69: Cái | H69: 1
D70: INTERLOCK HOLDER SEP REV 4 PART2 | E70: =VLOOKUP(D70,'KHO TNJ'!$B$6:$C1058,2,FALSE) -> #N/A | G70: Cái | H70: 1
D71: IH SEP REV 4 PART3 (top bracket) | E71: =VLOOKUP(D71,'KHO TNJ'!$B$6:$C1058,2,FALSE) -> #N/A | G71: Cái | H71: 1
D72: IH SEP04 CONTROL HANDLE #PART1 | E72: =VLOOKUP(D72,'KHO TNJ'!$B$6:$C1058,2,FALSE) -> #N/A | G72: Cái | H72: 1
D73: IH SEP04 LOCK BLOCK ASS'Y # PART1 | E73: =VLOOKUP(D73,'KHO TNJ'!$B$6:$C1058,2,FALSE) -> #N/A | G73: Cái | H73: 1
D74: IH SEP04 LOCK BLOCK ASS'Y # PART12 | E74: =VLOOKUP(D74,'KHO TNJ'!$B$6:$C1058,2,FALSE) -> #N/A | G74: Cái | H74: 1
D75: Ống inox 304 đúc 17,1 x 3,2mm | E75: =VLOOKUP(D75,'KHO TNJ'!$B$6:$C1058,2,FALSE) -> CX1NOA0513 | G75: Mét | H75: 0.026 | K75: =H75*14*1.05 -> 0.3822 | L75: 0.37
D76: Bulong inox 304 lục giác chìm đầu dù M6x40 | E76: =VLOOKUP(D76,'KHO TNJ'!$B$6:$C1058,2,FALSE) -> CX1NOA0689 | G76: Cái | H76: 2 | K76: =H76*14*1.05 -> 29.4 | L76: 28
D77: Bulong Inox 304 lục giác chìm đầu dù M6x16 | E77: =VLOOKUP(D77,'KHO TNJ'!$B$6:$C1058,2,FALSE) -> CX1NOA0229 | G77: Cái | H77: 5 | K77: =H77*14*1.05 -> 73.5 | L77: 70
D78: Tán inox 304 M6 | E78: =VLOOKUP(D78,'KHO TNJ'!$B$6:$C1058,2,FALSE) -> CX1NOA0081 | G78: Cái | H78: 5 | K78: =H78*14*1.05 -> 73.5 | L78: 72
D79: Long đền inox 304 M6x16 mm | E79: =VLOOKUP(D79,'KHO TNJ'!$B$6:$C1058,2,FALSE) -> CX1NOA0278 | G79: Cái | H79: 10 | K79: =H79*14*1.05 -> 147 | L79: 106.85
D80: Lò xo nén (inox) đường kính trong 10mm, dày 1mm, dài 300mm | E80: =VLOOKUP(D80,'KHO TNJ'!$B$6:$C1058,2,FALSE) -> CX1NOA0685 | G80: Mét | H80: 0.08 | K80: =H80*14*1.05 -> 1.176 | L80: 1.08
C81: 632 | D81: Cây ty inox 304 (Cây tròn đặc): phi 10mm | E81: =VLOOKUP(D81,'KHO TNJ'!$B$6:$C1058,2,FALSE) -> CX1NOA0402 | G81: Mét | H81: 0.262 | K81: =H81*14*1.05 -> 3.8514 | L81: 4.34
B82: nk lại 2 cái | C82: dùng cho 8 bộ sau, nk lại 2 cái | D82: Phe gài trục phi 10mm | E82: =VLOOKUP(D82,'KHO TNJ'!$B$6:$C1058,2,FALSE) -> CX1NOA0309 | G82: Cái | H82: 2 | K82: =H82*8*1.05 -> 16.8 | L82: =18-2 -> 16
B83: nk lại 13 con, 12 con cho mã k nắp, 1 con cho bộ mẫu thử | C83: nk lại, món này xuất dư bên bộ ko nắp | D83: Tán Inox 304 M8 | E83: =VLOOKUP(D83,'KHO TNJ'!$B$6:$C1058,2,FALSE) -> CX1NOA0079 | H83: 0 | K83: =H83*14*1.05 -> 0 | L83: =12-12 -> 0
D84: Long_Đền 304 M8x19x1 | E84: =VLOOKUP(D84,'KHO TNJ'!$B$6:$C1058,2,FALSE) -> CX1NOA0680 | K84: =H84*14*1.05 -> 0 | L84: 33.7
C85: dùng cho 6 bộ đầu | D85: Chốt chẻ inox 304 phi 2mm | E85: =VLOOKUP(D85,'KHO TNJ'!$B$6:$C1058,2,FALSE) -> CX1NOA0644 | H85: 2 | K85: =H85*6*1.05 -> 12.6 | L85: 12
B86: nk lại 12 con | D86: Bulong inox 304 lục giác chìm đầu dù M8x16 | E86: =VLOOKUP(D86,'KHO TNJ'!$B$6:$C1058,2,FALSE) -> CX1NOA0688 | L86: =12-12 -> 0
A129: END
A130: 1.2 Tổng hợp nguyên vật liệu sản xuất.
B131: STT | C131: Tên vật tư | D131: Mã kho | E131: Hình ảnh chi tiết | F131: Đơn vị | G131: Số lượng | H131: Hao hụt theo % | I131: Số lượng hao hụt theo % | J131: Số lượng thực tế/ 1bộ | K131: Số lượng cho dự án | L131: Xuất kho thực tế
A132: VAT_TU_GIAN_TIEP

Sheet BOM_TONG_HOP
M1: SHEET | N1: STATUS | O1: LAST UPDATE
M2: HRM30A6001 | N2: 🟢 Updated | O2: 46309.673
M3: HRS20A6003 | N3: 🔴 Outdated | O3: 46309.592
M4: DHRM38A6001 | N4: 🔴 Outdated | O4: 46310.382
M5: SCR18A7501_MC_FSM | N5: 🔴 Outdated | O5: 46308.673
M6: GRU30A05-OF-L | N6: 🔴 Outdated | O6: 46310.406
M7: GRU30A05-OF-R | N7: 🔴 Outdated | O7: 46310.409
A8: CÔNG TY TNHH THƯƠNG MẠI DỊCH VỤ TECHNOJET
D12: BẢNG TỔNG HỢP NGUYÊN VẬT LIỆU
A13: SẢN XUẤT CÁC PHỤ KIỆN CHO DỰ ÁN 10 XE DISPENSER FSM
A15: 1.2 Tổng hợp nguyên vật liệu sản xuất.
A16: Chủng loại | B16: STT | C16: Tên vật tư | D16: Mã kho | E16: Đơn vị | F16: Tồn kho | G16: Số lượng cần | H16: Số lượng mua | I16: Số lượng đã xuất | J16: Số lượng chưa xuất | K16: Kho khả dụng | L16: Ghi chú
B17: 1 | C17: Bạc đạn (Vòng bi) 696 ZZ 2RS | D17: CX1DPI0445 | E17: Cái | F17: =IFERROR(VLOOKUP(D17,'KHO TNJ'!$C$6:$E$100000,3,FALSE),0)+IF(I17="",0,I17) -> 0 | G17: 80 | H17: =IF($F17<$G17,$G17-$F17,"") -> 80 | I17: 0 | J17: =G17-I17 -> 80
B18: 2 | C18: Bạc đạn (VÒNG BI) 6205-2RSC3 ( 6303) | D18: CX1SKF0213 | E18: Cái | F18: =IFERROR(VLOOKUP(D18,'KHO TNJ'!$C$6:$E$100000,3,FALSE),0)+IF(I18="",0,I18) -> 2 | G18: 20 | H18: =IF($F18<$G18,$G18-$F18,"") -> 18 | I18: 0 | J18: =G18-I18 -> 20
B19: 3 | C19: Bạc đạn (Vòng bi) 6808 JRLLU, hiệu NTN | D19: CX1NTN0250 | E19: Cái | F19: =IFERROR(VLOOKUP(D19,'KHO TNJ'!$C$6:$E$100000,3,FALSE),0)+IF(I19="",0,I19) -> 0 | G19: 20 | H19: =IF($F19<$G19,$G19-$F19,"") -> 20 | I19: 0 | J19: =G19-I19 -> 20
B20: 4 | C20: Bạc đạn (Vòng bi) CN 6000-DDU ZV3 RBI | D20: CX1RBI0426 | E20: Cái | F20: =IFERROR(VLOOKUP(D20,'KHO TNJ'!$C$6:$E$100000,3,FALSE),0)+IF(I20="",0,I20) -> 160 | G20: 80 | H20: =IF($F20<$G20,$G20-$F20,"") | I20: 80 | J20: =G20-I20 -> 0
B21: 5 | C21: Bạc đạn (Vòng bi) CN 6001-DDU V3 RBI | D21: CX1RBI0427 | E21: Cái | F21: =IFERROR(VLOOKUP(D21,'KHO TNJ'!$C$6:$E$100000,3,FALSE),0)+IF(I21="",0,I21) -> 280 | G21: 140 | H21: =IF($F21<$G21,$G21-$F21,"") | I21: 140 | J21: =G21-I21 -> 0
B22: 6 | C22: Bạc đạn (Vòng bi) CN JTEKT (koyo) 626-ZZSM | D22: CX1JTE0511 | E22: Cái | F22: =IFERROR(VLOOKUP(D22,'KHO TNJ'!$C$6:$E$100000,3,FALSE),0)+IF(I22="",0,I22) -> 80 | G22: 40 | H22: =IF($F22<$G22,$G22-$F22,"") | I22: 40 | J22: =G22-I22 -> 0
B23: 7 | C23: Bạc đạn (Vòng bi) F&D 6006-2RS | D23: CX1F&D0295 | E23: Cái | F23: =IFERROR(VLOOKUP(D23,'KHO TNJ'!$C$6:$E$100000,3,FALSE),0)+IF(I23="",0,I23) -> 20 | G23: 20 | H23: =IF($F23<$G23,$G23-$F23,"") | I23: 0 | J23: =G23-I23 -> 20
B24: 8 | C24: Bạc đạn (Vòng bi) SKF, model: 6206-2RS1/C3 | D24: CX1SKF0111 | E24: Cái | F24: =IFERROR(VLOOKUP(D24,'KHO TNJ'!$C$6:$E$100000,3,FALSE),0)+IF(I24="",0,I24) -> 0 | G24: 40 | H24: =IF($F24<$G24,$G24-$F24,"") -> 40 | I24: 0 | J24: =G24-I24 -> 40
B25: 9 | C25: BÁNH CÓC 242,3*77*25mm | D25: CX1HTP0490 | E25: Cái | F25: =IFERROR(VLOOKUP(D25,'KHO TNJ'!$C$6:$E$100000,3,FALSE),0)+IF(I25="",0,I25) -> 0 | G25: 10 | H25: =IF($F25<$G25,$G25-$F25,"") -> 10 | I25: 0 | J25: =G25-I25 -> 10
B26: 10 | C26: Bánh răng đồng tốc thép C45: 44 x 30,1 x 27 mm | D26: CX1HTP0299 | E26: Cái | F26: =IFERROR(VLOOKUP(D26,'KHO TNJ'!$C$6:$E$100000,3,FALSE),0)+IF(I26="",0,I26) -> 0 | G26: 21 | H26: =IF($F26<$G26,$G26-$F26,"") -> 21 | I26: 0 | J26: =G26-I26 -> 21
B27: 11 | C27: Bulong inox 304 lục giác chìm đầu bằng M6x70 | D27: CX1NOA0638 | E27: Cái | F27: =IFERROR(VLOOKUP(D27,'KHO TNJ'!$C$6:$E$100000,3,FALSE),0)+IF(I27="",0,I27) -> 50 | G27: 21 | H27: =IF($F27<$G27,$G27-$F27,"") | I27: 0 | J27: =G27-I27 -> 21
B28: 12 | C28: Bulong inox 304 lục giác chìm đầu bằng M8x40 | D28: CX1NOA0499 | E28: Cái | F28: =IFERROR(VLOOKUP(D28,'KHO TNJ'!$C$6:$E$100000,3,FALSE),0)+IF(I28="",0,I28) -> 42 | G28: 31.5 | H28: =IF($F28<$G28,$G28-$F28,"") | I28: 0 | J28: =G28-I28 -> 31.5
... B214: 10 | C214: Tem inox Ru lô (Hose reel Name plate) | D214: CX1PLO0092 | E214: Cái | F214: =IFERROR(VLOOKUP(D214,'KHO TNJ'!$C$6:$E$100000,3,FALSE),0)+IF(I214="",0,I214) -> 0 | G214: 50 | H214: =IF($F214<$G214,$G214-$F214,"") -> 50 | I214: 0 | J214: =G214-I214 -> 50
F215: =IFERROR(VLOOKUP(D215,'KHO TNJ'!$C$6:$E$100000,3,FALSE),0)+IF(I215="",0,I215) -> 0 | H215: =IF($F215<$G215,$G215-$F215,"") | J215: =G215-I215 -> 0
F216: =IFERROR(VLOOKUP(D216,'KHO TNJ'!$C$6:$E$100000,3,FALSE),0)+IF(I216="",0,I216) -> 0 | H216: =IF($F216<$G216,$G216-$F216,"") | J216: =G216-I216 -> 0
F217: =IFERROR(VLOOKUP(D217,'KHO TNJ'!$C$6:$E$100000,3,FALSE),0)+IF(I217="",0,I217) -> 0 | H217: =IF($F217<$G217,$G217-$F217,"") | J217: =G217-I217 -> 0
F218: =IFERROR(VLOOKUP(D218,'KHO TNJ'!$C$6:$E$100000,3,FALSE),0)+IF(I218="",0,I218) -> 0 | H218: =IF($F218<$G218,$G218-$F218,"") | J218: =G218-I218 -> 0
F219: =IFERROR(VLOOKUP(D219,'KHO TNJ'!$C$6:$E$100000,3,FALSE),0)+IF(I219="",0,I219) -> 0 | H219: =IF($F219<$G219,$G219-$F219,"") | J219: =G219-I219 -> 0
F220: =IFERROR(VLOOKUP(D220,'KHO TNJ'!$C$6:$E$100000,3,FALSE),0)+IF(I220="",0,I220) -> 0 | H220: =IF($F220<$G220,$G220-$F220,"") | J220: =G220-I220 -> 0
F221: =IFERROR(VLOOKUP(D221,'KHO TNJ'!$C$6:$E$100000,3,FALSE),0)+IF(I221="",0,I221) -> 0 | H221: =IF($F221<$G221,$G221-$F221,"") | J221: =G221-I221 -> 0
F222: =IFERROR(VLOOKUP(D222,'KHO TNJ'!$C$6:$E$100000,3,FALSE),0)+IF(I222="",0,I222) -> 0 | H222: =IF($F222<$G222,$G222-$F222,"") | J222: =G222-I222 -> 0
F223: =IFERROR(VLOOKUP(D223,'KHO TNJ'!$C$6:$E$100000,3,FALSE),0)+IF(I223="",0,I223) -> 0 | H223: =IF($F223<$G223,$G223-$F223,"") | J223: =G223-I223 -> 0
F224: =IFERROR(VLOOKUP(D224,'KHO TNJ'!$C$6:$E$100000,3,FALSE),0)+IF(I224="",0,I224) -> 0 | H224: =IF($F224<$G224,$G224-$F224,"") | J224: =G224-I224 -> 0
F225: =IFERROR(VLOOKUP(D225,'KHO TNJ'!$C$6:$E$100000,3,FALSE),0)+IF(I225="",0,I225) -> 0 | H225: =IF($F225<$G225,$G225-$F225,"") | J225: =G225-I225 -> 0
F226: =IFERROR(VLOOKUP(D226,'KHO TNJ'!$C$6:$E$100000,3,FALSE),0)+IF(I226="",0,I226) -> 0 | H226: =IF($F226<$G226,$G226-$F226,"") | J226: =G226-I226 -> 0
... F993: =IFERROR(VLOOKUP(D993,'KHO TNJ'!$C$6:$E$100000,3,FALSE),0)+IF(I993="",0,I993) -> 0 | H993: =IF($F993<$G993,$G993-$F993,"") | J993: =G993-I993 -> 0

Sheet KHO TNJ
A1: BẢNG TỔNG HỢP MÃ KHO NVL
A5: STT | B5: Tên vật tư | C5: Mã kho | D5: Đơn vị | E5: Số lượng tồn kho | F5: Tỉ trọng khối lượng (cái/gam) | G5: Ghi chú
A6: 1 | B6: =IFERROR(VLOOKUP(C6,INPUT!$A$2:$E$99998,3,FALSE),"") -> Tán inox 304 M10 | C6: CX1NOA0001 | D6: =IFERROR(VLOOKUP(C6,INPUT!$A$2:$D$99998,4,FALSE),"") -> Cái | E6: =IFERROR(VLOOKUP(C6,INPUT!$A$2:$E$99998,5,FALSE),0) -> 763 | F6: =IFERROR(VLOOKUP(C6,INPUT!$H$2:$N2410,7,FALSE),"")
A7: 2 | B7: =IFERROR(VLOOKUP(C7,INPUT!$A$2:$E$99998,3,FALSE),"") -> Tán thép đen M10 đầu 14 | C7: CX1NOA0002 | D7: =IFERROR(VLOOKUP(C7,INPUT!$A$2:$D$99998,4,FALSE),"") -> Cái | E7: =IFERROR(VLOOKUP(C7,INPUT!$A$2:$E$99998,5,FALSE),0) -> 20 | F7: =IFERROR(VLOOKUP(C7,INPUT!$H$2:$N2410,7,FALSE),"")
A8: 3 | B8: =IFERROR(VLOOKUP(C8,INPUT!$A$2:$E$99998,3,FALSE),"") -> Tán inox 304 M13 | C8: CX1NOA0003 | D8: =IFERROR(VLOOKUP(C8,INPUT!$A$2:$D$99998,4,FALSE),"") -> Cái | E8: =IFERROR(VLOOKUP(C8,INPUT!$A$2:$E$99998,5,FALSE),0) -> 0 | F8: =IFERROR(VLOOKUP(C8,INPUT!$H$2:$N2410,7,FALSE),"")
A9: 4 | B9: =IFERROR(VLOOKUP(C9,INPUT!$A$2:$E$99998,3,FALSE),"") -> Tán sắt M13 | C9: CX1NOA0004 | D9: =IFERROR(VLOOKUP(C9,INPUT!$A$2:$D$99998,4,FALSE),"") -> Cái | E9: =IFERROR(VLOOKUP(C9,INPUT!$A$2:$E$99998,5,FALSE),0) -> 0 | F9: =IFERROR(VLOOKUP(C9,INPUT!$H$2:$N2410,7,FALSE),"")
A10: 5 | B10: =IFERROR(VLOOKUP(C10,INPUT!$A$2:$E$99998,3,FALSE),"") -> Tán thép đen M14 | C10: CX1NOA0005 | D10: =IFERROR(VLOOKUP(C10,INPUT!$A$2:$D$99998,4,FALSE),"") -> Cái | E10: =IFERROR(VLOOKUP(C10,INPUT!$A$2:$E$99998,5,FALSE),0) -> 0 | F10: =IFERROR(VLOOKUP(C10,INPUT!$H$2:$N2410,7,FALSE),"")
A11: 6 | B11: =IFERROR(VLOOKUP(C11,INPUT!$A$2:$E$99998,3,FALSE),"") -> Nối ren ngoài sắt kẽm 13mm | C11: CX1NOA0006 | D11: =IFERROR(VLOOKUP(C11,INPUT!$A$2:$D$99998,4,FALSE),"") -> Con | E11: =IFERROR(VLOOKUP(C11,INPUT!$A$2:$E$99998,5,FALSE),0) -> 0 | F11: =IFERROR(VLOOKUP(C11,INPUT!$H$2:$N2410,7,FALSE),"")
A12: 7 | B12: =IFERROR(VLOOKUP(C12,INPUT!$A$2:$E$99998,3,FALSE),"") -> Nối ren ngoài sắt kẽm 21mm | C12: CX1NOA0007 | D12: =IFERROR(VLOOKUP(C12,INPUT!$A$2:$D$99998,4,FALSE),"") -> Con | E12: =IFERROR(VLOOKUP(C12,INPUT!$A$2:$E$99998,5,FALSE),0) -> 0 | F12: =IFERROR(VLOOKUP(C12,INPUT!$H$2:$N2410,7,FALSE),"")
A13: 8 | B13: =IFERROR(VLOOKUP(C13,INPUT!$A$2:$E$99998,3,FALSE),"") -> Bulong Inox 304 M10x20 | C13: CX1NOA0008 | D13: =IFERROR(VLOOKUP(C13,INPUT!$A$2:$D$99998,4,FALSE),"") -> Cái | E13: =IFERROR(VLOOKUP(C13,INPUT!$A$2:$E$99998,5,FALSE),0) -> 69 | F13: =IFERROR(VLOOKUP(C13,INPUT!$H$2:$N2410,7,FALSE),"")
A14: 9 | B14: =IFERROR(VLOOKUP(C14,INPUT!$A$2:$E$99998,3,FALSE),"") -> Bulong Inox 304 M10x30 | C14: CX1NOA0009 | D14: =IFERROR(VLOOKUP(C14,INPUT!$A$2:$D$99998,4,FALSE),"") -> Cái | E14: =IFERROR(VLOOKUP(C14,INPUT!$A$2:$E$99998,5,FALSE),0) -> 147 | F14: =IFERROR(VLOOKUP(C14,INPUT!$H$2:$N2410,7,FALSE),"")
A15: 10 | B15: =IFERROR(VLOOKUP(C15,INPUT!$A$2:$E$99998,3,FALSE),"") -> Bulong Inox 304 M12x30 | C15: CX1NOA0010 | D15: =IFERROR(VLOOKUP(C15,INPUT!$A$2:$D$99998,4,FALSE),"") -> Cái | E15: =IFERROR(VLOOKUP(C15,INPUT!$A$2:$E$99998,5,FALSE),0) -> 189 | F15: =IFERROR(VLOOKUP(C15,INPUT!$H$2:$N2410,7,FALSE),"")
A16: 11 | B16: =IFERROR(VLOOKUP(C16,INPUT!$A$2:$E$99998,3,FALSE),"") -> Bulong Inox 304 M12x40 | C16: CX1NOA0011 | D16: =IFERROR(VLOOKUP(C16,INPUT!$A$2:$D$99998,4,FALSE),"") -> Cái | E16: =IFERROR(VLOOKUP(C16,INPUT!$A$2:$E$99998,5,FALSE),0) -> 63 | F16: =IFERROR(VLOOKUP(C16,INPUT!$H$2:$N2410,7,FALSE),"")
A17: 12 | B17: =IFERROR(VLOOKUP(C17,INPUT!$A$2:$E$99998,3,FALSE),"") -> Bulong inox 304 M18x60 | C17: CX1NOA0012 | D17: =IFERROR(VLOOKUP(C17,INPUT!$A$2:$D$99998,4,FALSE),"") -> Cái | E17: =IFERROR(VLOOKUP(C17,INPUT!$A$2:$E$99998,5,FALSE),0) -> 77 | F17: =IFERROR(VLOOKUP(C17,INPUT!$H$2:$N2410,7,FALSE),"")
A18: 13 | B18: =IFERROR(VLOOKUP(C18,INPUT!$A$2:$E$99998,3,FALSE),"") -> Dây rút nhựa Tiến Phát 4*150mm | C18: CX1TPH0014 | D18: =IFERROR(VLOOKUP(C18,INPUT!$A$2:$D$99998,4,FALSE),"") -> bịch | E18: =IFERROR(VLOOKUP(C18,INPUT!$A$2:$E$99998,5,FALSE),0) -> 0 | F18: =IFERROR(VLOOKUP(C18,INPUT!$H$2:$N2410,7,FALSE),"")
A19: 14 | B19: =IFERROR(VLOOKUP(C19,INPUT!$A$2:$E$99998,3,FALSE),"") -> Dây rút nhựa Tiến Phát 5*250mm | C19: CX1TPH0015 | D19: =IFERROR(VLOOKUP(C19,INPUT!$A$2:$D$99998,4,FALSE),"") -> bịch | E19: =IFERROR(VLOOKUP(C19,INPUT!$A$2:$E$99998,5,FALSE),0) -> 0 | F19: =IFERROR(VLOOKUP(C19,INPUT!$H$2:$N2410,7,FALSE),"")
A20: 15 | B20: =IFERROR(VLOOKUP(C20,INPUT!$A$2:$E$99998,3,FALSE),"") -> Keo Loctite 567 250ml | C20: CX1LOC0016 | D20: =IFERROR(VLOOKUP(C20,INPUT!$A$2:$D$99998,4,FALSE),"") -> Chai | E20: =IFERROR(VLOOKUP(C20,INPUT!$A$2:$E$99998,5,FALSE),0) -> 7.5 | F20: =IFERROR(VLOOKUP(C20,INPUT!$H$2:$N2410,7,FALSE),"")
A21: 16 | B21: =IFERROR(VLOOKUP(C21,INPUT!$A$2:$E$99998,3,FALSE),"") -> Khí CO2 (CO2 Air) | C21: CX3NOA0017 | D21: =IFERROR(VLOOKUP(C21,INPUT!$A$2:$D$99998,4,FALSE),"") -> Chai | E21: =IFERROR(VLOOKUP(C21,INPUT!$A$2:$E$99998,5,FALSE),0) -> 0 | F21: =IFERROR(VLOOKUP(C21,INPUT!$H$2:$N2410,7,FALSE),"")
A22: 17 | B22: =IFERROR(VLOOKUP(C22,INPUT!$A$2:$E$99998,3,FALSE),"") -> Khớp xoay thẳng 2 inch inox 304 | C22: CX1GOL0018 | D22: =IFERROR(VLOOKUP(C22,INPUT!$A$2:$D$99998,4,FALSE),"") -> Cái | E22: =IFERROR(VLOOKUP(C22,INPUT!$A$2:$E$99998,5,FALSE),0) -> 0 | F22: =IFERROR(VLOOKUP(C22,INPUT!$H$2:$N2410,7,FALSE),"")
A23: 18 | B23: =IFERROR(VLOOKUP(C23,INPUT!$A$2:$E$99998,3,FALSE),"") -> Chai test hàn màu trắng Developer số 4 Nabakem | C23: CX2NAB0019 | D23: =IFERROR(VLOOKUP(C23,INPUT!$A$2:$D$99998,4,FALSE),"") -> Chai | E23: =IFERROR(VLOOKUP(C23,INPUT!$A$2:$E$99998,5,FALSE),0) -> 1 | F23: =IFERROR(VLOOKUP(C23,INPUT!$H$2:$N2410,7,FALSE),"")
A24: 19 | B24: =IFERROR(VLOOKUP(C24,INPUT!$A$2:$E$99998,3,FALSE),"") -> Nắp bịt Inox 304 DN50 | C24: CX1NOA0020 | D24: =IFERROR(VLOOKUP(C24,INPUT!$A$2:$D$99998,4,FALSE),"") -> Cái | E24: =IFERROR(VLOOKUP(C24,INPUT!$A$2:$E$99998,5,FALSE),0) -> 10 | F24: =IFERROR(VLOOKUP(C24,INPUT!$H$2:$N2410,7,FALSE),"")
A25: 20 | B25: =IFERROR(VLOOKUP(C25,INPUT!$A$2:$E$99998,3,FALSE),"") -> Nhôm hộp 50x50x5.0 Mờ, Xi Anode | C25: CX1NOA0021 | D25: =IFERROR(VLOOKUP(C25,INPUT!$A$2:$D$99998,4,FALSE),"") -> mm | E25: =IFERROR(VLOOKUP(C25,INPUT!$A$2:$E$99998,5,FALSE),0) -> 0 | F25: =IFERROR(VLOOKUP(C25,INPUT!$H$2:$N2410,7,FALSE),"")
A26: 21 | B26: =IFERROR(VLOOKUP(C26,INPUT!$A$2:$E$99998,3,FALSE),"") -> Ống inox 304 60x4.0mm | C26: CX1NOA0022 | D26: =IFERROR(VLOOKUP(C26,INPUT!$A$2:$D$99998,4,FALSE),"") -> mm | E26: =IFERROR(VLOOKUP(C26,INPUT!$A$2:$E$99998,5,FALSE),0) -> 5130 | F26: =IFERROR(VLOOKUP(C26,INPUT!$H$2:$N2410,7,FALSE),"")
A27: 22 | B27: =IFERROR(VLOOKUP(C27,INPUT!$A$2:$E$99998,3,FALSE),"") -> Que hàn Inox 308L 1.6x1000mm, hiệu MENAM | C27: CX1MNA0023 | D27: =IFERROR(VLOOKUP(C27,INPUT!$A$2:$D$99998,4,FALSE),"") -> kg | E27: =IFERROR(VLOOKUP(C27,INPUT!$A$2:$E$99998,5,FALSE),0) -> 0 | F27: =IFERROR(VLOOKUP(C27,INPUT!$H$2:$N2410,7,FALSE),"") -> 0
A28: 23 | B28: =IFERROR(VLOOKUP(C28,INPUT!$A$2:$E$99998,3,FALSE),"") -> Xích (Sên) tải HSB 428-132L Recto (XX Malaysia) | C28: CX1REC0024 | D28: =IFERROR(VLOOKUP(C28,INPUT!$A$2:$D$99998,4,FALSE),"") -> Cái | E28: =IFERROR(VLOOKUP(C28,INPUT!$A$2:$E$99998,5,FALSE),0) -> 2 | F28: =IFERROR(VLOOKUP(C28,INPUT!$H$2:$N2410,7,FALSE),"")
A29: 24 | B29: =IFERROR(VLOOKUP(C29,INPUT!$A$2:$E$99998,3,FALSE),"") -> Tán inox 304 M12 | C29: CX1NOA0025 | D29: =IFERROR(VLOOKUP(C29,INPUT!$A$2:$D$99998,4,FALSE),"") -> Cái | E29: =IFERROR(VLOOKUP(C29,INPUT!$A$2:$E$99998,5,FALSE),0) -> 972 | F29: =IFERROR(VLOOKUP(C29,INPUT!$H$2:$N2410,7,FALSE),"")
A30: 25 | B30: =IFERROR(VLOOKUP(C30,INPUT!$A$2:$E$99998,3,FALSE),"") -> Tán Inox 304 M18 | C30: CX1NOA0026 | D30: =IFERROR(VLOOKUP(C30,INPUT!$A$2:$D$99998,4,FALSE),"") -> Cái | E30: =IFERROR(VLOOKUP(C30,INPUT!$A$2:$E$99998,5,FALSE),0) -> 40 | F30: =IFERROR(VLOOKUP(C30,INPUT!$H$2:$N2410,7,FALSE),"")
A31: 26 | B31: =IFERROR(VLOOKUP(C31,INPUT!$A$2:$E$99998,3,FALSE),"") -> Tán thép đen M10 đầu 17 | C31: CX1NOA0027 | D31: =IFERROR(VLOOKUP(C31,INPUT!$A$2:$D$99998,4,FALSE),"") -> Con | E31: =IFERROR(VLOOKUP(C31,INPUT!$A$2:$E$99998,5,FALSE),0) -> 15 | F31: =IFERROR(VLOOKUP(C31,INPUT!$H$2:$N2410,7,FALSE),"")
A32: 27 | B32: =IFERROR(VLOOKUP(C32,INPUT!$A$2:$E$99998,3,FALSE),"") -> Thuốc tẩy mối hàn (Dung dịch tẩy inox 1lit/bình) | C32: CX2NOA0028 | D32: =IFERROR(VLOOKUP(C32,INPUT!$A$2:$D$99998,4,FALSE),"") -> Bình | E32: =IFERROR(VLOOKUP(C32,INPUT!$A$2:$E$99998,5,FALSE),0) -> 4 | F32: =IFERROR(VLOOKUP(C32,INPUT!$H$2:$N2410,7,FALSE),"")
A33: 28 | B33: =IFERROR(VLOOKUP(C33,INPUT!$A$2:$E$99998,3,FALSE),"") -> Gối đỡ BẠC ĐẠN (Ball Bearing) UCP212 CUXB | C33: CX1CUX0029 | D33: =IFERROR(VLOOKUP(C33,INPUT!$A$2:$D$99998,4,FALSE),"") -> Cái | E33: =IFERROR(VLOOKUP(C33,INPUT!$A$2:$E$99998,5,FALSE),0) -> 20 | F33: =IFERROR(VLOOKUP(C33,INPUT!$H$2:$N2410,7,FALSE),"")
A34: 29 | B34: =IFERROR(VLOOKUP(C34,INPUT!$A$2:$E$99998,3,FALSE),"") -> Bulong inox 304 M18x40 | C34: CX1NOA0030 | D34: =IFERROR(VLOOKUP(C34,INPUT!$A$2:$D$99998,4,FALSE),"") -> Cái | E34: =IFERROR(VLOOKUP(C34,INPUT!$A$2:$E$99998,5,FALSE),0) -> 1 | F34: =IFERROR(VLOOKUP(C34,INPUT!$H$2:$N2410,7,FALSE),"")
A35: 30 | B35: =IFERROR(VLOOKUP(C35,INPUT!$A$2:$E$99998,3,FALSE),"") -> Đá cắt Cn 100.1,5.16 | C35: CX1NOA0031 | D35: =IFERROR(VLOOKUP(C35,INPUT!$A$2:$D$99998,4,FALSE),"") -> Viên | E35: =IFERROR(VLOOKUP(C35,INPUT!$A$2:$E$99998,5,FALSE),0) -> 15 | F35: =IFERROR(VLOOKUP(C35,INPUT!$H$2:$N2410,7,FALSE),"")
A36: 31 | B36: =IFERROR(VLOOKUP(C36,INPUT!$A$2:$E$99998,3,FALSE),"") -> Đá mài HẢI DƯƠNG Bavia Cn 100.6.16 | C36: CX1HDU0032 | D36: =IFERROR(VLOOKUP(C36,INPUT!$A$2:$D$99998,4,FALSE),"") -> Viên | E36: =IFERROR(VLOOKUP(C36,INPUT!$A$2:$E$99998,5,FALSE),0) -> 20 | F36: =IFERROR(VLOOKUP(C36,INPUT!$H$2:$N2410,7,FALSE),"")
A37: 32 | B37: =IFERROR(VLOOKUP(C37,INPUT!$A$2:$E$99998,3,FALSE),"") -> Phụ kiện máy hàn mig: Đầu béc hàn mig 1.2mm x L45mm | C37: CX1NOA0033 | D37: =IFERROR(VLOOKUP(C37,INPUT!$A$2:$D$99998,4,FALSE),"") -> Cái | E37: =IFERROR(VLOOKUP(C37,INPUT!$A$2:$E$99998,5,FALSE),0) -> 10 | F37: =IFERROR(VLOOKUP(C37,INPUT!$H$2:$N2410,7,FALSE),"")
A38: 33 | B38: =IFERROR(VLOOKUP(C38,INPUT!$A$2:$E$99998,3,FALSE),"") -> Đầu giữ kẹp kim hàn 10N32 Black Wolf | C38: CX1BLA0034 | D38: =IFERROR(VLOOKUP(C38,INPUT!$A$2:$D$99998,4,FALSE),"") -> Cái | E38: =IFERROR(VLOOKUP(C38,INPUT!$A$2:$E$99998,5,FALSE),0) -> 9 | F38: =IFERROR(VLOOKUP(C38,INPUT!$H$2:$N2410,7,FALSE),"")
A39: 34 | B39: =IFERROR(VLOOKUP(C39,INPUT!$A$2:$E$99998,3,FALSE),"") -> Đầu giữ kẹp kim hàn 10N28 Black Wolf | C39: CX1BLA0035 | D39: =IFERROR(VLOOKUP(C39,INPUT!$A$2:$D$99998,4,FALSE),"") -> Cái | E39: =IFERROR(VLOOKUP(C39,INPUT!$A$2:$E$99998,5,FALSE),0) -> 10 | F39: =IFERROR(VLOOKUP(C39,INPUT!$H$2:$N2410,7,FALSE),"")
A40: 35 | B40: =IFERROR(VLOOKUP(C40,INPUT!$A$2:$E$99998,3,FALSE),"") -> Dây hàn K-81T-1.2 | C40: CX1NOA0036 | D40: =IFERROR(VLOOKUP(C40,INPUT!$A$2:$D$99998,4,FALSE),"") -> kg | E40: =IFERROR(VLOOKUP(C40,INPUT!$A$2:$E$99998,5,FALSE),0) -> 15 | F40: =IFERROR(VLOOKUP(C40,INPUT!$H$2:$N2410,7,FALSE),"")
A41: 36 | B41: =IFERROR(VLOOKUP(C41,INPUT!$A$2:$E$99998,3,FALSE),"") -> Que hàn nhôm CHG-AL5356 Phi 2.4 | C41: CX1NOA0037 | D41: =IFERROR(VLOOKUP(C41,INPUT!$A$2:$D$99998,4,FALSE),"") -> Cái | E41: =IFERROR(VLOOKUP(C41,INPUT!$A$2:$E$99998,5,FALSE),0) -> 507 | F41: =IFERROR(VLOOKUP(C41,INPUT!$H$2:$N2410,7,FALSE),"") -> 0
A42: 37 | B42: =IFERROR(VLOOKUP(C42,INPUT!$A$2:$E$99998,3,FALSE),"") -> Điện cực hàn vonfram WP20 2.4mm | C42: CX1VON0038 | D42: =IFERROR(VLOOKUP(C42,INPUT!$A$2:$D$99998,4,FALSE),"") -> Cái | E42: =IFERROR(VLOOKUP(C42,INPUT!$A$2:$E$99998,5,FALSE),0) -> 30 | F42: =IFERROR(VLOOKUP(C42,INPUT!$H$2:$N2410,7,FALSE),"")
A43: 38 | B43: =IFERROR(VLOOKUP(C43,INPUT!$A$2:$E$99998,3,FALSE),"") -> Điện cực hàn vonfram WP20 3.2mm | C43: CX1VON0039 | D43: =IFERROR(VLOOKUP(C43,INPUT!$A$2:$D$99998,4,FALSE),"") -> Cái | E43: =IFERROR(VLOOKUP(C43,INPUT!$A$2:$E$99998,5,FALSE),0) -> 9 | F43: =IFERROR(VLOOKUP(C43,INPUT!$H$2:$N2410,7,FALSE),"")
A44: 39 | B44: =IFERROR(VLOOKUP(C44,INPUT!$A$2:$E$99998,3,FALSE),"") -> Điện cực hàn vonfram WT20 2.4mm (welding electrode) | C44: CX1VON0040 | D44: =IFERROR(VLOOKUP(C44,INPUT!$A$2:$D$99998,4,FALSE),"") -> Cái | E44: =IFERROR(VLOOKUP(C44,INPUT!$A$2:$E$99998,5,FALSE),0) -> 0 | F44: =IFERROR(VLOOKUP(C44,INPUT!$H$2:$N2410,7,FALSE),"")
A45: 40 | B45: =IFERROR(VLOOKUP(C45,INPUT!$A$2:$E$99998,3,FALSE),"") -> Kẹp kim hàn 10N24 Black Wolf | C45: CX1BLA0041 | D45: =IFERROR(VLOOKUP(C45,INPUT!$A$2:$D$99998,4,FALSE),"") -> Cái | E45: =IFERROR(VLOOKUP(C45,INPUT!$A$2:$E$99998,5,FALSE),0) -> 8 | F45: =IFERROR(VLOOKUP(C45,INPUT!$H$2:$N2410,7,FALSE),"")
A46: 41 | B46: =IFERROR(VLOOKUP(C46,INPUT!$A$2:$E$99998,3,FALSE),"") -> Kẹp kim hàn 3.2mm Black wolf | C46: CX1BLA0042 | D46: =IFERROR(VLOOKUP(C46,INPUT!$A$2:$D$99998,4,FALSE),"") -> Cái | E46: =IFERROR(VLOOKUP(C46,INPUT!$A$2:$E$99998,5,FALSE),0) -> 10 | F46: =IFERROR(VLOOKUP(C46,INPUT!$H$2:$N2410,7,FALSE),"")
A47: 42 | B47: =IFERROR(VLOOKUP(C47,INPUT!$A$2:$E$99998,3,FALSE),"") -> Long đền inox 304 18mm | C47: CX1NOA0043 | D47: =IFERROR(VLOOKUP(C47,INPUT!$A$2:$D$99998,4,FALSE),"") -> Cái | E47: =IFERROR(VLOOKUP(C47,INPUT!$A$2:$E$99998,5,FALSE),0) -> 0 | F47: =IFERROR(VLOOKUP(C47,INPUT!$H$2:$N2410,7,FALSE),"")
A48: 43 | B48: =IFERROR(VLOOKUP(C48,INPUT!$A$2:$E$99998,3,FALSE),"") -> Măng xông Inox 304 60mm DN50 SCH10 | C48: CX1NOA0044 | D48: =IFERROR(VLOOKUP(C48,INPUT!$A$2:$D$99998,4,FALSE),"") -> Cái | E48: =IFERROR(VLOOKUP(C48,INPUT!$A$2:$E$99998,5,FALSE),0) -> 1.5 | F48: =IFERROR(VLOOKUP(C48,INPUT!$H$2:$N2410,7,FALSE),"")
A49: 44 | B49: =IFERROR(VLOOKUP(C49,INPUT!$A$2:$E$99998,3,FALSE),"") -> Chai test hàn màu đỏ Penetrant số 2 Nabakem | C49: CX2NAB0045 | D49: =IFERROR(VLOOKUP(C49,INPUT!$A$2:$D$99998,4,FALSE),"") -> Chai | E49: =IFERROR(VLOOKUP(C49,INPUT!$A$2:$E$99998,5,FALSE),0) -> 1 | F49: =IFERROR(VLOOKUP(C49,INPUT!$H$2:$N2410,7,FALSE),"")
A50: 45 | B50: =IFERROR(VLOOKUP(C50,INPUT!$A$2:$E$99998,3,FALSE),"") -> Dung dịch làm sạch bề mặt kim loại Mega-Check Treatment, 450ml/bình (Chai test hàn màu xanh Cleaner số 1-3 Nabakem) | C50: CX2NAB0046 | D50: =IFERROR(VLOOKUP(C50,INPUT!$A$2:$D$99998,4,FALSE),"") -> Bình | E50: =IFERROR(VLOOKUP(C50,INPUT!$A$2:$E$99998,5,FALSE),0) -> 19 | F50: =IFERROR(VLOOKUP(C50,INPUT!$H$2:$N2410,7,FALSE),"")
A51: 46 | B51: =IFERROR(VLOOKUP(C51,INPUT!$A$2:$E$99998,3,FALSE),"") -> Que hàn sắt T-50G-2.4x1000, hiệu KISWEL | C51: CX1KIS0047 | D51: =IFERROR(VLOOKUP(C51,INPUT!$A$2:$D$99998,4,FALSE),"") -> que | E51: =IFERROR(VLOOKUP(C51,INPUT!$A$2:$E$99998,5,FALSE),0) -> 91 | F51: =IFERROR(VLOOKUP(C51,INPUT!$H$2:$N2410,7,FALSE),"") -> 0
A52: 47 | B52: =IFERROR(VLOOKUP(C52,INPUT!$A$2:$E$99998,3,FALSE),"") -> Tán Lông Đền inox 304 M10 | C52: CX1NOA0048 | D52: =IFERROR(VLOOKUP(C52,INPUT!$A$2:$D$99998,4,FALSE),"") -> Cái | E52: =IFERROR(VLOOKUP(C52,INPUT!$A$2:$E$99998,5,FALSE),0) -> 121 | F52: =IFERROR(VLOOKUP(C52,INPUT!$H$2:$N2410,7,FALSE),"")
A53: 48 | B53: =IFERROR(VLOOKUP(C53,INPUT!$A$2:$E$99998,3,FALSE),"") -> Que hàn Inox ER308L loại 2.4mm, hiệu MENAM | C53: CX1MNA0049 | D53: =IFERROR(VLOOKUP(C53,INPUT!$A$2:$D$99998,4,FALSE),"") -> que | E53: =IFERROR(VLOOKUP(C53,INPUT!$A$2:$E$99998,5,FALSE),0) -> 92 | F53: =IFERROR(VLOOKUP(C53,INPUT!$H$2:$N2410,7,FALSE),"") -> 0
A54: 49 | B54: =IFERROR(VLOOKUP(C54,INPUT!$A$2:$E$99998,3,FALSE),"") -> Bánh xe Nilon 75x105mm | C54: CX1NIL0050 | D54: =IFERROR(VLOOKUP(C54,INPUT!$A$2:$D$99998,4,FALSE),"") -> Cái | E54: =IFERROR(VLOOKUP(C54,INPUT!$A$2:$E$99998,5,FALSE),0) -> 0 | F54: =IFERROR(VLOOKUP(C54,INPUT!$H$2:$N2410,7,FALSE),"")
A55: 50 | B55: =IFERROR(VLOOKUP(C55,INPUT!$A$2:$E$99998,3,FALSE),"") -> Bát (Pát) ke góc dày 1 mm (Corner bracket, thick 1 mm) | C55: CX1NOA0051 | D55: =IFERROR(VLOOKUP(C55,INPUT!$A$2:$D$99998,4,FALSE),"") -> Cái | E55: =IFERROR(VLOOKUP(C55,INPUT!$A$2:$E$99998,5,FALSE),0) -> 0 | F55: =IFERROR(VLOOKUP(C55,INPUT!$H$2:$N2410,7,FALSE),"")
A56: 51 | B56: =IFERROR(VLOOKUP(C56,INPUT!$A$2:$E$99998,3,FALSE),"") -> Cao su non | C56: CX1NOA0052 | D56: =IFERROR(VLOOKUP(C56,INPUT!$A$2:$D$99998,4,FALSE),"") -> Cuộn | E56: =IFERROR(VLOOKUP(C56,INPUT!$A$2:$E$99998,5,FALSE),0) -> 8 | F56: =IFERROR(VLOOKUP(C56,INPUT!$H$2:$N2410,7,FALSE),"")
A57: 52 | B57: =IFERROR(VLOOKUP(C57,INPUT!$A$2:$E$99998,3,FALSE),"") -> Bulong Inox 304 M10x40 | C57: CX1NOA0053 | D57: =IFERROR(VLOOKUP(C57,INPUT!$A$2:$D$99998,4,FALSE),"") -> Cái | E57: =IFERROR(VLOOKUP(C57,INPUT!$A$2:$E$99998,5,FALSE),0) -> 60 | F57: =IFERROR(VLOOKUP(C57,INPUT!$H$2:$N2410,7,FALSE),"")
A58: 53 | B58: =IFERROR(VLOOKUP(C58,INPUT!$A$2:$E$99998,3,FALSE),"") -> Bulong inox 304 M18x100 | C58: CX1NOA0054 | D58: =IFERROR(VLOOKUP(C58,INPUT!$A$2:$D$99998,4,FALSE),"") -> Cái | E58: =IFERROR(VLOOKUP(C58,INPUT!$A$2:$E$99998,5,FALSE),0) -> 14 | F58: =IFERROR(VLOOKUP(C58,INPUT!$H$2:$N2410,7,FALSE),"")
A59: 54 | B59: =IFERROR(VLOOKUP(C59,INPUT!$A$2:$E$99998,3,FALSE),"") -> Bulong, Tán long đền Inox 304 12mm | C59: CX1NOA0055 | D59: =IFERROR(VLOOKUP(C59,INPUT!$A$2:$D$99998,4,FALSE),"") -> Cái | E59: =IFERROR(VLOOKUP(C59,INPUT!$A$2:$E$99998,5,FALSE),0) -> 0 | F59: =IFERROR(VLOOKUP(C59,INPUT!$H$2:$N2410,7,FALSE),"")
A60: 55 | B60: =IFERROR(VLOOKUP(C60,INPUT!$A$2:$E$99998,3,FALSE),"") -> Bulong thép đen M16x150 | C60: CX1NOA0056 | D60: =IFERROR(VLOOKUP(C60,INPUT!$A$2:$D$99998,4,FALSE),"") -> Cái | E60: =IFERROR(VLOOKUP(C60,INPUT!$A$2:$E$99998,5,FALSE),0) -> 0 | F60: =IFERROR(VLOOKUP(C60,INPUT!$H$2:$N2410,7,FALSE),"")
A61: 56 | B61: =IFERROR(VLOOKUP(C61,INPUT!$A$2:$E$99998,3,FALSE),"") -> Bulong thép đen M16x70 | C61: CX1NOA0057 | D61: =IFERROR(VLOOKUP(C61,INPUT!$A$2:$D$99998,4,FALSE),"") -> Cái | E61: =IFERROR(VLOOKUP(C61,INPUT!$A$2:$E$99998,5,FALSE),0) -> 0 | F61: =IFERROR(VLOOKUP(C61,INPUT!$H$2:$N2410,7,FALSE),"")
A62: 57 | B62: =IFERROR(VLOOKUP(C62,INPUT!$A$2:$E$99998,3,FALSE),"") -> Bulong thép đen M8x60 | C62: CX1NOA0058 | D62: =IFERROR(VLOOKUP(C62,INPUT!$A$2:$D$99998,4,FALSE),"") -> Cái | E62: =IFERROR(VLOOKUP(C62,INPUT!$A$2:$E$99998,5,FALSE),0) -> 0 | F62: =IFERROR(VLOOKUP(C62,INPUT!$H$2:$N2410,7,FALSE),"")
A63: 58 | B63: =IFERROR(VLOOKUP(C63,INPUT!$A$2:$E$99998,3,FALSE),"") -> Co hàn 45° inox 304 DN50 SCH10 | C63: CX1NOA0059 | D63: =IFERROR(VLOOKUP(C63,INPUT!$A$2:$D$99998,4,FALSE),"") -> Cái | E63: =IFERROR(VLOOKUP(C63,INPUT!$A$2:$E$99998,5,FALSE),0) -> 5 | F63: =IFERROR(VLOOKUP(C63,INPUT!$H$2:$N2410,7,FALSE),"")
A64: 59 | B64: =IFERROR(VLOOKUP(C64,INPUT!$A$2:$E$99998,3,FALSE),"") -> Co Hàn 90 Inox 304 DN50 SCH10 | C64: CX1NOA0060 | D64: =IFERROR(VLOOKUP(C64,INPUT!$A$2:$D$99998,4,FALSE),"") -> Cái | E64: =IFERROR(VLOOKUP(C64,INPUT!$A$2:$E$99998,5,FALSE),0) -> 9 | F64: =IFERROR(VLOOKUP(C64,INPUT!$H$2:$N2410,7,FALSE),"")
A65: 60 | B65: =IFERROR(VLOOKUP(C65,INPUT!$A$2:$E$99998,3,FALSE),"") -> Khí Argon (Argon Air) | C65: CX3NOA0061 | D65: =IFERROR(VLOOKUP(C65,INPUT!$A$2:$D$99998,4,FALSE),"") -> Chai | E65: =IFERROR(VLOOKUP(C65,INPUT!$A$2:$E$99998,5,FALSE),0) -> 0 | F65: =IFERROR(VLOOKUP(C65,INPUT!$H$2:$N2410,7,FALSE),"")
A66: 61 | B66: =IFERROR(VLOOKUP(C66,INPUT!$A$2:$E$99998,3,FALSE),"") -> Chân bàn (sắt si) đế cam 16x80 (Table leg with orange base) | C66: CX1NOA0062 | D66: =IFERROR(VLOOKUP(C66,INPUT!$A$2:$D$99998,4,FALSE),"") -> Cái | E66: =IFERROR(VLOOKUP(C66,INPUT!$A$2:$E$99998,5,FALSE),0) -> 0 | F66: =IFERROR(VLOOKUP(C66,INPUT!$H$2:$N2410,7,FALSE),"")
A67: 62 | B67: =IFERROR(VLOOKUP(C67,INPUT!$A$2:$E$99998,3,FALSE),"") -> Cuộn Len | C67: CX1NOA0063 | D67: =IFERROR(VLOOKUP(C67,INPUT!$A$2:$D$99998,4,FALSE),"") -> Cuộn | E67: =IFERROR(VLOOKUP(C67,INPUT!$A$2:$E$99998,5,FALSE),0) -> 0 | F67: =IFERROR(VLOOKUP(C67,INPUT!$H$2:$N2410,7,FALSE),"")
A68: 63 | B68: =IFERROR(VLOOKUP(C68,INPUT!$A$2:$E$99998,3,FALSE),"") -> Motor thủy lực BMR100P43AIIY10/T10 | C68: CX1NOA0064 | D68: =IFERROR(VLOOKUP(C68,INPUT!$A$2:$D$99998,4,FALSE),"") -> Cái | E68: =IFERROR(VLOOKUP(C68,INPUT!$A$2:$E$99998,5,FALSE),0) -> 0 | F68: =IFERROR(VLOOKUP(C68,INPUT!$H$2:$N2410,7,FALSE),"")
A69: 64 | B69: =IFERROR(VLOOKUP(C69,INPUT!$A$2:$E$99998,3,FALSE),"") -> Nhôm V 50x50x5mm, THÔ, KHÔNG XI | C69: CX1NOA0065 | D69: =IFERROR(VLOOKUP(C69,INPUT!$A$2:$D$99998,4,FALSE),"") -> mm | E69: =IFERROR(VLOOKUP(C69,INPUT!$A$2:$E$99998,5,FALSE),0) -> 4150 | F69: =IFERROR(VLOOKUP(C69,INPUT!$H$2:$N2410,7,FALSE),"")
A70: 65 | B70: =IFERROR(VLOOKUP(C70,INPUT!$A$2:$E$99998,3,FALSE),"") -> Chốt gài lò xo tự giữ, inox 304, M12, dài 153mm, Model: TLX150F | C70: CX1NOA0066 | D70: =IFERROR(VLOOKUP(C70,INPUT!$A$2:$D$99998,4,FALSE),"") -> Cái | E70: =IFERROR(VLOOKUP(C70,INPUT!$A$2:$E$99998,5,FALSE),0) -> 0 | F70: =IFERROR(VLOOKUP(C70,INPUT!$H$2:$N2410,7,FALSE),"")
A71: 66 | B71: =IFERROR(VLOOKUP(C71,INPUT!$A$2:$E$99998,3,FALSE),"") -> Miếng nhám xếp | C71: CX1NOA0067 | D71: =IFERROR(VLOOKUP(C71,INPUT!$A$2:$D$99998,4,FALSE),"") -> Cái | E71: =IFERROR(VLOOKUP(C71,INPUT!$A$2:$E$99998,5,FALSE),0) -> 0 | F71: =IFERROR(VLOOKUP(C71,INPUT!$H$2:$N2410,7,FALSE),"")
A72: 67 | B72: =IFERROR(VLOOKUP(C72,INPUT!$A$2:$E$99998,3,FALSE),"") -> Keo chống dột Minh Xuân | C72: CX1MXU0068 | D72: =IFERROR(VLOOKUP(C72,INPUT!$A$2:$D$99998,4,FALSE),"") -> Tuýp | E72: =IFERROR(VLOOKUP(C72,INPUT!$A$2:$E$99998,5,FALSE),0) -> 0 | F72: =IFERROR(VLOOKUP(C72,INPUT!$H$2:$N2410,7,FALSE),"")
A73: 68 | B73: =IFERROR(VLOOKUP(C73,INPUT!$A$2:$E$99998,3,FALSE),"") -> Lưỡi Cưa SGLB 19 X 6/10P - 1,736m (band saw blade) | C73: CX1NOA0069 | D73: =IFERROR(VLOOKUP(C73,INPUT!$A$2:$D$99998,4,FALSE),"") -> Cái | E73: =IFERROR(VLOOKUP(C73,INPUT!$A$2:$E$99998,5,FALSE),0) -> 0 | F73: =IFERROR(VLOOKUP(C73,INPUT!$H$2:$N2410,7,FALSE),"")
A74: 69 | B74: =IFERROR(VLOOKUP(C74,INPUT!$A$2:$E$99998,3,FALSE),"") -> Bulong Inox 304 M12x20 | C74: CX1NOA0070 | D74: =IFERROR(VLOOKUP(C74,INPUT!$A$2:$D$99998,4,FALSE),"") -> Cái | E74: =IFERROR(VLOOKUP(C74,INPUT!$A$2:$E$99998,5,FALSE),0) -> 64 | F74: =IFERROR(VLOOKUP(C74,INPUT!$H$2:$N2410,7,FALSE),"")
A75: 70 | B75: =IFERROR(VLOOKUP(C75,INPUT!$A$2:$E$99998,3,FALSE),"") -> Chi tiết giá đỡ đầu ống tra nạp (bằng inox) | C75: CX1NOA0071 | D75: =IFERROR(VLOOKUP(C75,INPUT!$A$2:$D$99998,4,FALSE),"") -> Cái | E75: =IFERROR(VLOOKUP(C75,INPUT!$A$2:$E$99998,5,FALSE),0) -> 0 | F75: =IFERROR(VLOOKUP(C75,INPUT!$H$2:$N2410,7,FALSE),"")
A76: 71 | B76: =IFERROR(VLOOKUP(C76,INPUT!$A$2:$E$99998,3,FALSE),"") -> Đĩa tang bẳng nhôm dày 4mm - 1050 (chainring) | C76: CX1VGI0072 | D76: =IFERROR(VLOOKUP(C76,INPUT!$A$2:$D$99998,4,FALSE),"") -> Bộ | E76: =IFERROR(VLOOKUP(C76,INPUT!$A$2:$E$99998,5,FALSE),0) -> 0 | F76: =IFERROR(VLOOKUP(C76,INPUT!$H$2:$N2410,7,FALSE),"")
A77: 72 | B77: =IFERROR(VLOOKUP(C77,INPUT!$A$2:$E$99998,3,FALSE),"") -> Trống tang bẳng nhôm dày 3mm - 1050 | C77: CX1VGI0073 | D77: =IFERROR(VLOOKUP(C77,INPUT!$A$2:$D$99998,4,FALSE),"") -> Bộ | E77: =IFERROR(VLOOKUP(C77,INPUT!$A$2:$E$99998,5,FALSE),0) -> 0 | F77: =IFERROR(VLOOKUP(C77,INPUT!$H$2:$N2410,7,FALSE),"")
A78: 73 | B78: =IFERROR(VLOOKUP(C78,INPUT!$A$2:$E$99998,3,FALSE),"") -> Khung motor bằng nhôm dày 5mm, 5052 | C78: CX1VGI0074 | D78: =IFERROR(VLOOKUP(C78,INPUT!$A$2:$D$99998,4,FALSE),"") -> Bộ | E78: =IFERROR(VLOOKUP(C78,INPUT!$A$2:$E$99998,5,FALSE),0) -> 0 | F78: =IFERROR(VLOOKUP(C78,INPUT!$H$2:$N2410,7,FALSE),"")
A79: 74 | B79: =IFERROR(VLOOKUP(C79,INPUT!$A$2:$E$99998,3,FALSE),"") -> Mặt bích vuông inox 2B 304 dày 12mm | C79: CX1NOA0075 | D79: =IFERROR(VLOOKUP(C79,INPUT!$A$2:$D$99998,4,FALSE),"") -> Cái | E79: =IFERROR(VLOOKUP(C79,INPUT!$A$2:$E$99998,5,FALSE),0) -> 0 | F79: =IFERROR(VLOOKUP(C79,INPUT!$H$2:$N2410,7,FALSE),"")
A80: 75 | B80: =IFERROR(VLOOKUP(C80,INPUT!$A$2:$E$99998,3,FALSE),"") -> Chi tiết tấm đế motor bằng inox dày 5mm 2B 304 | C80: CX1VGI0076 | D80: =IFERROR(VLOOKUP(C80,INPUT!$A$2:$D$99998,4,FALSE),"") -> Cái | E80: =IFERROR(VLOOKUP(C80,INPUT!$A$2:$E$99998,5,FALSE),0) -> 0 | F80: =IFERROR(VLOOKUP(C80,INPUT!$H$2:$N2410,7,FALSE),"")
A81: 76 | B81: =IFERROR(VLOOKUP(C81,INPUT!$A$2:$E$99998,3,FALSE),"") -> Đĩa thép tròn dày 8mm, phi 491mm, mác Q235 | C81: CX1NOA0077 | D81: =IFERROR(VLOOKUP(C81,INPUT!$A$2:$D$99998,4,FALSE),"") -> Cái | E81: =IFERROR(VLOOKUP(C81,INPUT!$A$2:$E$99998,5,FALSE),0) -> 0 | F81: =IFERROR(VLOOKUP(C81,INPUT!$H$2:$N2410,7,FALSE),"")
A82: 77 | B82: =IFERROR(VLOOKUP(C82,INPUT!$A$2:$E$99998,3,FALSE),"") -> Bulong Inox 304 M8x30 | C82: CX1NOA0078 | D82: =IFERROR(VLOOKUP(C82,INPUT!$A$2:$D$99998,4,FALSE),"") -> Cái | E82: =IFERROR(VLOOKUP(C82,INPUT!$A$2:$E$99998,5,FALSE),0) -> 0 | F82: =IFERROR(VLOOKUP(C82,INPUT!$H$2:$N2410,7,FALSE),"")
A83: 78 | B83: =IFERROR(VLOOKUP(C83,INPUT!$A$2:$E$99998,3,FALSE),"") -> Tán Inox 304 M8 | C83: CX1NOA0079 | D83: =IFERROR(VLOOKUP(C83,INPUT!$A$2:$D$99998,4,FALSE),"") -> Cái | E83: =IFERROR(VLOOKUP(C83,INPUT!$A$2:$E$99998,5,FALSE),0) -> 309 | F83: =IFERROR(VLOOKUP(C83,INPUT!$H$2:$N2410,7,FALSE),"")
A84: 79 | B84: =IFERROR(VLOOKUP(C84,INPUT!$A$2:$E$99998,3,FALSE),"") -> Bulong Inox 304 lục giác chìm đầu dù M6x20 | C84: CX1NOA0080 | D84: =IFERROR(VLOOKUP(C84,INPUT!$A$2:$D$99998,4,FALSE),"") -> Cái | E84: =IFERROR(VLOOKUP(C84,INPUT!$A$2:$E$99998,5,FALSE),0) -> 166 | F84: =IFERROR(VLOOKUP(C84,INPUT!$H$2:$N2410,7,FALSE),"") -> 5.042
A85: 80 | B85: =IFERROR(VLOOKUP(C85,INPUT!$A$2:$E$99998,3,FALSE),"") -> Tán inox 304 M6 | C85: CX1NOA0081 | D85: =IFERROR(VLOOKUP(C85,INPUT!$A$2:$D$99998,4,FALSE),"") -> Cái | E85: =IFERROR(VLOOKUP(C85,INPUT!$A$2:$E$99998,5,FALSE),0) -> 300 | F85: =IFERROR(VLOOKUP(C85,INPUT!$H$2:$N2410,7,FALSE),"")
A86: 81 | B86: =IFERROR(VLOOKUP(C86,INPUT!$A$2:$E$99998,3,FALSE),"") -> Tê hàn Inox 304 SCH10 DN50 | C86: CX1NOA0082 | D86: =IFERROR(VLOOKUP(C86,INPUT!$A$2:$D$99998,4,FALSE),"") -> Cái | E86: =IFERROR(VLOOKUP(C86,INPUT!$A$2:$E$99998,5,FALSE),0) -> 4 | F86: =IFERROR(VLOOKUP(C86,INPUT!$H$2:$N2410,7,FALSE),"")
A87: 82 | B87: =IFERROR(VLOOKUP(C87,INPUT!$A$2:$E$99998,3,FALSE),"") -> Ron Teflon dạng tấm (teflon gasket) | C87: CX1NOA0083 | D87: =IFERROR(VLOOKUP(C87,INPUT!$A$2:$D$99998,4,FALSE),"") -> gram | E87: =IFERROR(VLOOKUP(C87,INPUT!$A$2:$E$99998,5,FALSE),0) -> 0 | F87: =IFERROR(VLOOKUP(C87,INPUT!$H$2:$N2410,7,FALSE),"")
A88: 83 | B88: =IFERROR(VLOOKUP(C88,INPUT!$A$2:$E$99998,3,FALSE),"") -> Ron (Gioăng) Teflon DN50 | C88: CX1NOA0084 | D88: =IFERROR(VLOOKUP(C88,INPUT!$A$2:$D$99998,4,FALSE),"") -> Cái | E88: =IFERROR(VLOOKUP(C88,INPUT!$A$2:$E$99998,5,FALSE),0) -> 35 | F88: =IFERROR(VLOOKUP(C88,INPUT!$H$2:$N2410,7,FALSE),"")
A89: 84 | B89: =IFERROR(VLOOKUP(C89,INPUT!$A$2:$E$99998,3,FALSE),"") -> Măng xông Inox 304 49mm DN40 | C89: CX1NOA0085 | D89: =IFERROR(VLOOKUP(C89,INPUT!$A$2:$D$99998,4,FALSE),"") -> Cái | E89: =IFERROR(VLOOKUP(C89,INPUT!$A$2:$E$99998,5,FALSE),0) -> 2.5 | F89: =IFERROR(VLOOKUP(C89,INPUT!$H$2:$N2410,7,FALSE),"")
A90: 85 | B90: =IFERROR(VLOOKUP(C90,INPUT!$A$2:$E$99998,3,FALSE),"") -> Bình gas mini 250g Namilux | C90: CX1NAM0086 | D90: =IFERROR(VLOOKUP(C90,INPUT!$A$2:$D$99998,4,FALSE),"") -> Bình | E90: =IFERROR(VLOOKUP(C90,INPUT!$A$2:$E$99998,5,FALSE),0) -> 0 | F90: =IFERROR(VLOOKUP(C90,INPUT!$H$2:$N2410,7,FALSE),"")
A91: 86 | B91: =IFERROR(VLOOKUP(C91,INPUT!$A$2:$E$99998,3,FALSE),"") -> Co hàn 90 Inox 304 DN40 1-1/2" SCH10 | C91: CX1NOA0087 | D91: =IFERROR(VLOOKUP(C91,INPUT!$A$2:$D$99998,4,FALSE),"") -> Cái | E91: =IFERROR(VLOOKUP(C91,INPUT!$A$2:$E$99998,5,FALSE),0) -> 0 | F91: =IFERROR(VLOOKUP(C91,INPUT!$H$2:$N2410,7,FALSE),"")
A92: 87 | B92: =IFERROR(VLOOKUP(C92,INPUT!$A$2:$E$99998,3,FALSE),"") -> Dầu thủy lực 32 | C92: CX1MQ#0088 | D92: =IFERROR(VLOOKUP(C92,INPUT!$A$2:$D$99998,4,FALSE),"") -> Xô | E92: =IFERROR(VLOOKUP(C92,INPUT!$A$2:$E$99998,5,FALSE),0) -> 0 | F92: =IFERROR(VLOOKUP(C92,INPUT!$H$2:$N2410,7,FALSE),"")
A93: 88 | B93: =IFERROR(VLOOKUP(C93,INPUT!$A$2:$E$99998,3,FALSE),"") -> Xích (Sên) D.I.D HDS 428 - 130 RB STEEL | C93: CX1FUT0089 | D93: =IFERROR(VLOOKUP(C93,INPUT!$A$2:$D$99998,4,FALSE),"") -> Bộ | E93: =IFERROR(VLOOKUP(C93,INPUT!$A$2:$E$99998,5,FALSE),0) -> 3 | F93: =IFERROR(VLOOKUP(C93,INPUT!$H$2:$N2410,7,FALSE),"")
A94: 89 | B94: =IFERROR(VLOOKUP(C94,INPUT!$A$2:$E$99998,3,FALSE),"") -> Nhông 428-12R TD76 | C94: CX1NOA0090 | D94: =IFERROR(VLOOKUP(C94,INPUT!$A$2:$D$99998,4,FALSE),"") -> Cái | E94: =IFERROR(VLOOKUP(C94,INPUT!$A$2:$E$99998,5,FALSE),0) -> 0 | F94: =IFERROR(VLOOKUP(C94,INPUT!$H$2:$N2410,7,FALSE),"")
A95: 90 | B95: =IFERROR(VLOOKUP(C95,INPUT!$A$2:$E$99998,3,FALSE),"") -> Khớp xoay cong 90 độ 2 inch, chất liệu: thép không gỉ 304, đường kính trong: 5,3 cm, dùng nối với ống inox để dẫn chất lỏng | C95: CX1GOL0091 | D95: =IFERROR(VLOOKUP(C95,INPUT!$A$2:$D$99998,4,FALSE),"") -> Cái | E95: =IFERROR(VLOOKUP(C95,INPUT!$A$2:$E$99998,5,FALSE),0) -> 1 | F95: =IFERROR(VLOOKUP(C95,INPUT!$H$2:$N2410,7,FALSE),"")
A96: 91 | B96: =IFERROR(VLOOKUP(C96,INPUT!$A$2:$E$99998,3,FALSE),"") -> Tem inox Ru lô (Hose reel Name plate) | C96: CX1PLO0092 | D96: =IFERROR(VLOOKUP(C96,INPUT!$A$2:$D$99998,4,FALSE),"") -> Cái | E96: =IFERROR(VLOOKUP(C96,INPUT!$A$2:$E$99998,5,FALSE),0) -> 0 | F96: =IFERROR(VLOOKUP(C96,INPUT!$H$2:$N2410,7,FALSE),"")
A97: 92 | B97: =IFERROR(VLOOKUP(C97,INPUT!$A$2:$E$99998,3,FALSE),"") -> Mặt bích Inox 304 Ansi Class150 DN50 | C97: CX1NOA0093 | D97: =IFERROR(VLOOKUP(C97,INPUT!$A$2:$D$99998,4,FALSE),"") -> Cái | E97: =IFERROR(VLOOKUP(C97,INPUT!$A$2:$E$99998,5,FALSE),0) -> 1 | F97: =IFERROR(VLOOKUP(C97,INPUT!$H$2:$N2410,7,FALSE),"")
A98: 93 | B98: =IFERROR(VLOOKUP(C98,INPUT!$A$2:$E$99998,3,FALSE),"") -> Long đền Inox 304 10x40mm | C98: CX1NOA0094 | D98: =IFERROR(VLOOKUP(C98,INPUT!$A$2:$D$99998,4,FALSE),"") -> Cái | E98: =IFERROR(VLOOKUP(C98,INPUT!$A$2:$E$99998,5,FALSE),0) -> 131 | F98: =IFERROR(VLOOKUP(C98,INPUT!$H$2:$N2410,7,FALSE),"")
A99: 94 | B99: =IFERROR(VLOOKUP(C99,INPUT!$A$2:$E$99998,3,FALSE),"") -> Nhôm la 5x30, dài 1m/cây | C99: CX1NOA0095 | D99: =IFERROR(VLOOKUP(C99,INPUT!$A$2:$D$99998,4,FALSE),"") -> mm | E99: =IFERROR(VLOOKUP(C99,INPUT!$A$2:$E$99998,5,FALSE),0) -> 0 | F99: =IFERROR(VLOOKUP(C99,INPUT!$H$2:$N2410,7,FALSE),"")
A100: 95 | B100: =IFERROR(VLOOKUP(C100,INPUT!$A$2:$E$99998,3,FALSE),"") -> Mỡ bò sâu | C100: CX1NOA0096 | D100: =IFERROR(VLOOKUP(C100,INPUT!$A$2:$D$99998,4,FALSE),"") -> Tuýp | E100: =IFERROR(VLOOKUP(C100,INPUT!$A$2:$E$99998,5,FALSE),0) -> 0 | F100: =IFERROR(VLOOKUP(C100,INPUT!$H$2:$N2410,7,FALSE),"")
A101: 96 | B101: =IFERROR(VLOOKUP(C101,INPUT!$A$2:$E$99998,3,FALSE),"") -> Long Đền inox 304 M10x23, dày 2mm | C101: CX1NOA0097 | D101: =IFERROR(VLOOKUP(C101,INPUT!$A$2:$D$99998,4,FALSE),"") -> Cái | E101: =IFERROR(VLOOKUP(C101,INPUT!$A$2:$E$99998,5,FALSE),0) -> 55 | F101: =IFERROR(VLOOKUP(C101,INPUT!$H$2:$N2410,7,FALSE),"")
A102: 97 | B102: =IFERROR(VLOOKUP(C102,INPUT!$A$2:$E$99998,3,FALSE),"") -> Tấm thép dày 22mm | C102: CX1NOA0098 | D102: =IFERROR(VLOOKUP(C102,INPUT!$A$2:$D$99998,4,FALSE),"") -> Tấm | E102: =IFERROR(VLOOKUP(C102,INPUT!$A$2:$E$99998,5,FALSE),0) -> 0 | F102: =IFERROR(VLOOKUP(C102,INPUT!$H$2:$N2410,7,FALSE),"")
A103: 98 | B103: =IFERROR(VLOOKUP(C103,INPUT!$A$2:$E$99998,3,FALSE),"") -> Bulong inox 304 M12x50 | C103: CX1NOA0099 | D103: =IFERROR(VLOOKUP(C103,INPUT!$A$2:$D$99998,4,FALSE),"") -> Bộ | E103: =IFERROR(VLOOKUP(C103,INPUT!$A$2:$E$99998,5,FALSE),0) -> 0 | F103: =IFERROR(VLOOKUP(C103,INPUT!$H$2:$N2410,7,FALSE),"")
...

Sheet Đơn vị chính
A1: SỔ CHI TIẾT VẬT TƯ HÀNG HÓA
A2: Kho: Kho Nguyên vật liệu, Từ ngày 29/05/2026 đến ngày 31/10/2026
A4: Mã kho | B4: Tên kho | C4: Mã hàng | D4: Tên hàng | E4: Mô tả | F4: Ngày hạch toán | G4: Ngày chứng từ | H4: Số chứng từ | I4: Diễn giải | J4: ĐVT | K4: ĐVT chính (ĐVC) | L4: Đơn giá | M4: Nhập | O4: Xuất | Q4: Tồn | S4: TK Kho | T4: TK đối ứng | U4: Mã đối tượng THCP | V4: Tên đối tượng THCP | W4: Mã khoản mục CP | X4: Tên khoản mục CP
M5: Số lượng | N5: Giá trị | O5: Số lượng | P5: Giá trị | Q5: Số lượng | R5: Giá trị
A6: C | B6: Kho Nguyên vật liệu | C6: CX1AIR0319 | D6: Van AIRTAC M5PP210-08 | I6: Số dư đầu kỳ | J6: Cái | K6: Cái | L6: 250000 | M6: 0 | N6: 0 | O6: 0 | P6: 0 | Q6: 11 | R6: 2750000
A7: C | B7: Kho Nguyên vật liệu | C7: CX1ATL0390 | D7: Que hàn nhôm TIG CHG-AL3536 phi 1.6mm, hiệu ATLANTIC | I7: Số dư đầu kỳ | J7: que | K7: que | L7: 946.97 | M7: 0 | N7: 0 | O7: 0 | P7: 0 | Q7: 381 | R7: 360795
A8: C | B8: Kho Nguyên vật liệu | C8: CX1ATL0395 | D8: Que hàn Inox CHG-308 phi 1.6mm, hiệu ATLANTIC | I8: Số dư đầu kỳ | J8: kg | K8: kg | L8: 172727.2 | M8: 0 | N8: 0 | O8: 0 | P8: 0 | Q8: 5 | R8: 863636
A9: C | B9: Kho Nguyên vật liệu | C9: CX1ATL0395 | D9: Que hàn Inox CHG-308 phi 1.6mm, hiệu ATLANTIC | F9: 46223 | G9: 46223 | H9: XK26/175 | I9: Vật liệu tiêu hao | J9: kg | K9: kg | L9: 172727.2 | M9: 0 | N9: 0 | O9: 0.24 | P9: 41455 | Q9: 4.76 | R9: 822181 | S9: 152 | T9: 154 | W9: SXC.VL | X9: Chi phí vật liệu
A10: C | B10: Kho Nguyên vật liệu | C10: CX1ATL0395 | D10: Que hàn Inox CHG-308 phi 1.6mm, hiệu ATLANTIC | F10: 46233 | G10: 46233 | H10: XK26/202 | I10: Xuất kho sản xuất | J10: kg | K10: kg | L10: 172727.2 | M10: 0 | N10: 0 | O10: 0.31 | P10: 53545 | Q10: 4.45 | R10: 768636 | S10: 152 | T10: 154 | U10: DX1TNJ0024 | V10: Rulo cuốn ống đơn cấp bằng nhôm 2 inch 60 feet. Model: HRS20A6003. Hiệu: TECHNOJET | W10: SXC.VL | X10: Chi phí vật liệu
A11: C | B11: Kho Nguyên vật liệu | C11: CX1ATL0395 | D11: Que hàn Inox CHG-308 phi 1.6mm, hiệu ATLANTIC | F11: 46238 | G11: 46238 | H11: XK26/206 | I11: Xuất kho sản xuất | J11: kg | K11: kg | L11: 172727.19 | M11: 0 | N11: 0 | O11: 0.15 | P11: 25909 | Q11: 4.3 | R11: 742727 | S11: 152 | T11: 154 | U11: DX1TNJ0024 | V11: Rulo cuốn ống đơn cấp bằng nhôm 2 inch 60 feet. Model: HRS20A6003. Hiệu: TECHNOJET | W11: SXC.VL | X11: Chi phí vật liệu
A12: C | B12: Kho Nguyên vật liệu | C12: CX1ATL0395 | D12: Que hàn Inox CHG-308 phi 1.6mm, hiệu ATLANTIC | F12: 46239 | G12: 46239 | H12: XK26/209 | I12: Xuất kho sản xuất | J12: kg | K12: kg | L12: 172727.19 | M12: 0 | N12: 0 | O12: 0.08 | P12: 13818 | Q12: 4.22 | R12: 728909 | S12: 152 | T12: 154 | U12: DX1TNJ0024 | V12: Rulo cuốn ống đơn cấp bằng nhôm 2 inch 60 feet. Model: HRS20A6003. Hiệu: TECHNOJET | W12: SXC.VL | X12: Chi phí vật liệu
A13: C | B13: Kho Nguyên vật liệu | C13: CX1ATL0395 | D13: Que hàn Inox CHG-308 phi 1.6mm, hiệu ATLANTIC | F13: 46240 | G13: 46240 | H13: XK26/217 | I13: Xuất kho sản xuất | J13: kg | K13: kg | L13: 172727.19 | M13: 0 | N13: 0 | O13: 0.46 | P13: 79455 | Q13: 3.76 | R13: 649454 | S13: 152 | T13: 154 | U13: DX1TNJ0023 | V13: Rulo cuốn ống đa cấp bằng nhôm 3 inch 60 feet. Model: HRM30A6001. Hiệu: TECHNOJET | W13: SXC.VL | X13: Chi phí vật liệu
A14: C | B14: Kho Nguyên vật liệu | C14: CX1ATL0395 | D14: Que hàn Inox CHG-308 phi 1.6mm, hiệu ATLANTIC | F14: 46246 | G14: 46246 | H14: XK26/219 | I14: Xuất kho sản xuất | J14: kg | K14: kg | L14: 172727.19 | M14: 0 | N14: 0 | O14: 0.15 | P14: 25909 | Q14: 3.61 | R14: 623545 | S14: 152 | T14: 154 | U14: DX1TNJ0023 | V14: Rulo cuốn ống đa cấp bằng nhôm 3 inch 60 feet. Model: HRM30A6001. Hiệu: TECHNOJET | W14: SXC.VL | X14: Chi phí vật liệu
A15: C | B15: Kho Nguyên vật liệu | C15: CX1ATL0395 | D15: Que hàn Inox CHG-308 phi 1.6mm, hiệu ATLANTIC | F15: 46248 | G15: 46248 | H15: XK26/226 | I15: Xuất kho sản xuất | J15: kg | K15: kg | L15: 172727.19 | M15: 0 | N15: 0 | O15: 0.15 | P15: 25909 | Q15: 3.46 | R15: 597636 | S15: 152 | T15: 154 | U15: DX1TNJ0023 | V15: Rulo cuốn ống đa cấp bằng nhôm 3 inch 60 feet. Model: HRM30A6001. Hiệu: TECHNOJET | W15: SXC.VL | X15: Chi phí vật liệu
A16: C | B16: Kho Nguyên vật liệu | C16: CX1ATL0395 | D16: Que hàn Inox CHG-308 phi 1.6mm, hiệu ATLANTIC | F16: 46260 | G16: 46260 | H16: XK26/253 | I16: Xuất kho sản xuất | J16: kg | K16: kg | L16: 172727.19 | M16: 0 | N16: 0 | O16: 0.15 | P16: 25909 | Q16: 3.31 | R16: 571727 | S16: 152 | T16: 154 | U16: DX1TNJ0023 | V16: Rulo cuốn ống đa cấp bằng nhôm 3 inch 60 feet. Model: HRM30A6001. Hiệu: TECHNOJET | W16: SXC.VL | X16: Chi phí vật liệu
A17: C | B17: Kho Nguyên vật liệu | C17: CX1ATL0395 | D17: Que hàn Inox CHG-308 phi 1.6mm, hiệu ATLANTIC | F17: 46293 | G17: 46293 | H17: XK26/334 | I17: Xuất kho sản xuất | J17: kg | K17: kg | L17: 172727.19 | M17: 0 | N17: 0 | O17: 0.46 | P17: 79455 | Q17: 2.85 | R17: 492272 | S17: 152 | T17: 154 | U17: DX1TNJ0023 | V17: Rulo cuốn ống đa cấp bằng nhôm 3 inch 60 feet. Model: HRM30A6001. Hiệu: TECHNOJET | W17: SXC.VL | X17: Chi phí vật liệu
A18: C | B18: Kho Nguyên vật liệu | C18: CX1ATL0395 | D18: Que hàn Inox CHG-308 phi 1.6mm, hiệu ATLANTIC | F18: 46297 | G18: 46297 | H18: XK26/342 | I18: Xuất kho sản xuất | J18: kg | K18: kg | L18: 172727.02 | M18: 0 | N18: 0 | O18: 0.31 | P18: 53545 | Q18: 2.54 | R18: 438727 | S18: 152 | T18: 154 | U18: DX1TNJ0024 | V18: Rulo cuốn ống đơn cấp bằng nhôm 2 inch 60 feet. Model: HRS20A6003. Hiệu: TECHNOJET | W18: SXC.VL | X18: Chi phí vật liệu
A19: C | B19: Kho Nguyên vật liệu | C19: CX1ATM0162 | D19: Sơn xịt ATM màu đen bóng A210 | I19: Số dư đầu kỳ | J19: Lon | K19: Lon | L19: 27000 | M19: 0 | N19: 0 | O19: 0 | P19: 0 | Q19: 6 | R19: 162000
A20: C | B20: Kho Nguyên vật liệu | C20: CX1BET0653 | D20: BETADINE SÁT KHUẨN NHỎ 30ML | F20: 46237 | G20: 46237 | H20: NK26/165 | I20: Mua hàng của CÔNG TY CỔ PHẦN DƯỢC PHẨM FPT LONG CHÂU theo hóa đơn số 00294146 | J20: Chai | K20: Chai | L20: 40952.38 | M20: 1 | N20: 40952 | O20: 0 | P20: 0 | Q20: 1 | R20: 40952 | S20: 152 | T20: 1111
A21: C | B21: Kho Nguyên vật liệu | C21: CX1BET0653 | D21: BETADINE SÁT KHUẨN NHỎ 30ML | F21: 46237 | G21: 46237 | H21: XK26/203 | I21: Xuất kho dụng cụ y tế cho LÊ CHÍ TÂM | J21: Chai | K21: Chai | L21: 40952 | M21: 0 | N21: 0 | O21: 1 | P21: 40952 | Q21: 0 | R21: 0 | S21: 152 | T21: 154 | W21: SXC.K | X21: Chi phí bằng tiền khác
A22: C | B22: Kho Nguyên vật liệu | C22: CX1BGL0655 | D22: GĂNG TAY Y TẾ CÓ BỘT, PHỦ LATEX SIZE M (100 CÁI) POWDER DISPOSABLE | F22: 46237 | G22: 46237 | H22: NK26/165 | I22: Mua hàng của CÔNG TY CỔ PHẦN DƯỢC PHẨM FPT LONG CHÂU theo hóa đơn số 00294146 | J22: Đôi | K22: Đôi | L22: 895.24 | M22: 10 | N22: 8952 | O22: 0 | P22: 0 | Q22: 10 | R22: 8952 | S22: 152 | T22: 1111
A23: C | B23: Kho Nguyên vật liệu | C23: CX1BGL0655 | D23: GĂNG TAY Y TẾ CÓ BỘT, PHỦ LATEX SIZE M (100 CÁI) POWDER DISPOSABLE | F23: 46237 | G23: 46237 | H23: XK26/203 | I23: Xuất kho dụng cụ y tế cho LÊ CHÍ TÂM | J23: Đôi | K23: Đôi | L23: 895.2 | M23: 0 | N23: 0 | O23: 10 | P23: 8952 | Q23: 0 | R23: 0 | S23: 152 | T23: 154 | W23: SXC.K | X23: Chi phí bằng tiền khác
A24: C | B24: Kho Nguyên vật liệu | C24: CX1BLA0034 | D24: Đầu giữ kẹp kim hàn 10N32 Black Wolf | I24: Số dư đầu kỳ | J24: Cái | K24: Cái | L24: 12000 | M24: 0 | N24: 0 | O24: 0 | P24: 0 | Q24: 9 | R24: 108000
A25: C | B25: Kho Nguyên vật liệu | C25: CX1BLA0035 | D25: Đầu giữ kẹp kim hàn 10N28 Black Wolf | I25: Số dư đầu kỳ | J25: Cái | K25: Cái | L25: 12000 | M25: 0 | N25: 0 | O25: 0 | P25: 0 | Q25: 10 | R25: 120000
A26: C | B26: Kho Nguyên vật liệu | C26: CX1BLA0041 | D26: Kẹp kim hàn 10N24 Black Wolf | I26: Số dư đầu kỳ | J26: Cái | K26: Cái | L26: 7500 | M26: 0 | N26: 0 | O26: 0 | P26: 0 | Q26: 8 | R26: 60000
A27: C | B27: Kho Nguyên vật liệu | C27: CX1BLA0042 | D27: Kẹp kim hàn 3.2mm Black wolf | I27: Số dư đầu kỳ | J27: Cái | K27: Cái | L27: 7500 | M27: 0 | N27: 0 | O27: 0 | P27: 0 | Q27: 10 | R27: 75000
A28: C | B28: Kho Nguyên vật liệu | C28: CX1BOS0659 | D28: Chổi Than GWS750-100 -1619P11715 | F28: 46211 | G28: 46211 | H28: NK26/146 | I28: Mua hàng của CÔNG TY TNHH MTV THƯƠNG MẠI KẾT NỐI TIÊU DÙNG theo hóa đơn số 00005574 | J28: Cặp | K28: Cặp | L28: 48148.15 | M28: 5 | N28: 240741 | O28: 0 | P28: 0 | Q28: 5 | R28: 240741 | S28: 152 | T28: 1111
A29: C | B29: Kho Nguyên vật liệu | C29: CX1BOS0659 | D29: Chổi Than GWS750-100 -1619P11715 | F29: 46211 | G29: 46211 | H29: XK26/160 | I29: Xuất kho sản xuất | J29: Cặp | K29: Cặp | L29: 48148.2 | M29: 0 | N29: 0 | O29: 1 | P29: 48148 | Q29: 4 | R29: 192593 | S29: 152 | T29: 154 | W29: SXC.VL | X29: Chi phí vật liệu
A30: C | B30: Kho Nguyên vật liệu | C30: CX1BTH0656 | D30: GẠC TIỆT TRÙNG BẢO THẠCH LỚN 8X10CM X 12 LỚP (10 MIẾNG) - SƠ CỨU VẾT THƯƠNG, THẤM MÁU VÀ DỊCH TIẾT | F30: 46237 | G30: 46237 | H30: NK26/165 | I30: Mua hàng của CÔNG TY CỔ PHẦN DƯỢC PHẨM FPT LONG CHÂU theo hóa đơn số 00294146 | J30: Gói | K30: Gói | L30: 13333.33 | M30: 1 | N30: 13333 | O30: 0 | P30: 0 | Q30: 1 | R30: 13333 | S30: 152 | T30: 1111
A31: C | B31: Kho Nguyên vật liệu | C31: CX1BTH0656 | D31: GẠC TIỆT TRÙNG BẢO THẠCH LỚN 8X10CM X 12 LỚP (10 MIẾNG) - SƠ CỨU VẾT THƯƠNG, THẤM MÁU VÀ DỊCH TIẾT | F31: 46237 | G31: 46237 | H31: XK26/203 | I31: Xuất kho dụng cụ y tế cho LÊ CHÍ TÂM | J31: Gói | K31: Gói | L31: 13333 | M31: 0 | N31: 0 | O31: 1 | P31: 13333 | Q31: 0 | R31: 0 | S31: 152 | T31: 154 | W31: SXC.K | X31: Chi phí bằng tiền khác
A32: C | B32: Kho Nguyên vật liệu | C32: CX1BTH0661 | D32: BĂNG TAM GIÁC BẢO THẠCH 80X80CM/2 - CỐ ĐỊNH VÙNG CHẤN THƯƠNG | F32: 46237 | G32: 46237 | H32: NK26/165 | I32: Mua hàng của CÔNG TY CỔ PHẦN DƯỢC PHẨM FPT LONG CHÂU theo hóa đơn số 00294146 | J32: Cái | K32: Cái | L32: 5714.25 | M32: 4 | N32: 22857 | O32: 0 | P32: 0 | Q32: 4 | R32: 22857 | S32: 152 | T32: 1111
A33: C | B33: Kho Nguyên vật liệu | C33: CX1BTH0661 | D33: BĂNG TAM GIÁC BẢO THẠCH 80X80CM/2 - CỐ ĐỊNH VÙNG CHẤN THƯƠNG | F33: 46237 | G33: 46237 | H33: XK26/203 | I33: Xuất kho dụng cụ y tế cho LÊ CHÍ TÂM | J33: Cái | K33: Cái | L33: 5714.25 | M33: 0 | N33: 0 | O33: 4 | P33: 22857 | Q33: 0 | R33: 0 | S33: 152 | T33: 154 | W33: SXC.K | X33: Chi phí bằng tiền khác
A34: C | B34: Kho Nguyên vật liệu | C34: CX1BTU0654 | D34: BÔNG CUỘN THẤM NƯỚC BẠCH TUYẾT 45G - VỆ SINH CÁ NHÂN VÀ Y TẾ | F34: 46237 | G34: 46237 | H34: NK26/165 | I34: Mua hàng của CÔNG TY CỔ PHẦN DƯỢC PHẨM FPT LONG CHÂU theo hóa đơn số 00294146 | J34: Gói | K34: Gói | L34: 11428.57 | M34: 5 | N34: 57143 | O34: 0 | P34: 0 | Q34: 5 | R34: 57143 | S34: 152 | T34: 1111
A35: C | B35: Kho Nguyên vật liệu | C35: CX1BTU0654 | D35: BÔNG CUỘN THẤM NƯỚC BẠCH TUYẾT 45G - VỆ SINH CÁ NHÂN VÀ Y TẾ | F35: 46237 | G35: 46237 | H35: XK26/203 | I35: Xuất kho dụng cụ y tế cho LÊ CHÍ TÂM | J35: Gói | K35: Gói | L35: 11428.6 | M35: 0 | N35: 0 | O35: 5 | P35: 57143 | Q35: 0 | R35: 0 | S35: 152 | T35: 154 | W35: SXC.K | X35: Chi phí bằng tiền khác
A36: C | B36: Kho Nguyên vật liệu | C36: CX1DID0167 | D36: Xích (Sên) DID 35-1R | F36: 46235 | G36: 46235 | H36: NK26/204 | I36: Mua hàng của Chợ | J36: Mét | K36: Mét | L36: 100000 | M36: 2.4 | N36: 240000 | O36: 0 | P36: 0 | Q36: 2.4 | R36: 240000 | S36: 152 | T36: 1111
A37: C | B37: Kho Nguyên vật liệu | C37: CX1DID0168 | D37: Xích (Sên) DID 40-1R | F37: 46241 | G37: 46241 | H37: NK26/235 | I37: Mua Mũi khoan, bộ taro M6, long đền M6X19,M10X26 2mm của Chợ | J37: Mét | K37: Mét | L37: 90000 | M37: 2.14 | N37: 192600 | O37: 0 | P37: 0 | Q37: 2.14 | R37: 192600 | S37: 152 | T37: 1111
A38: C | B38: Kho Nguyên vật liệu | C38: CX1DID0168 | D38: Xích (Sên) DID 40-1R | F38: 46301 | G38: 46301 | H38: XK26/351 | I38: Xuất kho sản xuất | J38: Mét | K38: Mét | L38: 90000 | M38: 0 | N38: 0 | O38: 2.14 | P38: 192600 | Q38: 0 | R38: 0 | S38: 152 | T38: 154 | U38: DX1TNJ0024 | V38: Rulo cuốn ống đơn cấp bằng nhôm 2 inch 60 feet. Model: HRS20A6003. Hiệu: TECHNOJET | W38: NVLTT | X38: Chi phí nguyên liệu, vật liệu trực tiếp
A39: C | B39: Kho Nguyên vật liệu | C39: CX1DWH0502 | D39: Lò xo xoắn cuộn, chất liệu:Thép mangan, cuộn dài 20m, độ dày lá thép 1.5mm, đường kính ngoài 415mm, cao 25mm | F39: 46237 | G39: 46237 | H39: NK26/168 | I39: Mua hàng lò xo cuộn PO14 của Dongguan Weihui Hardware Spring Products Co., Ltd. | J39: Cái | K39: Cái | L39: 1203420.6 | M39: 29 | N39: 34899198 | O39: 0 | P39: 0 | Q39: 29 | R39: 34899198 | S39: 152 | T39: 331
A40: C | B40: Kho Nguyên vật liệu | C40: CX1DWH0502 | D40: Lò xo xoắn cuộn, chất liệu:Thép mangan, cuộn dài 20m, độ dày lá thép 1.5mm, đường kính ngoài 415mm, cao 25mm | F40: 46286 | G40: 46286 | H40: XK26/310 | I40: Xuất kho sản xuất | J40: Cái | K40: Cái | L40: 1203420.6 | M40: 0 | N40: 0 | O40: 10 | P40: 12034206 | Q40: 19 | R40: 22864992 | S40: 152 | T40: 154 | U40: DX1TNJ0031 | V40: Rulo cuốn ống đôi rút tự động 3/8 inch x 60 feet. Model: DHRM38A6001-AC. Hiệu: TechnoJet | W40: NVLTT | X40: Chi phí nguyên liệu, vật liệu trực tiếp
A41: C | B41: Kho Nguyên vật liệu | C41: CX1DWH0503 | D41: Lò xo xoắn cuộn, chất liệu:Thép mangan, cuộn dài 19m, độ dày lá thép 1mm, đường kính ngoài 250mm, cao 20mm | I41: Số dư đầu kỳ | J41: Cái | K41: Cái | L41: 1144537 | M41: 0 | N41: 0 | O41: 0 | P41: 0 | Q41: 4 | R41: 4578148
A42: C | B42: Kho Nguyên vật liệu | C42: CX1DWH0503 | D42: Lò xo xoắn cuộn, chất liệu:Thép mangan, cuộn dài 19m, độ dày lá thép 1mm, đường kính ngoài 250mm, cao 20mm | F42: 46181 | G42: 46181 | H42: XK26/121 | I42: Xuất kho sản xuất | J42: Cái | K42: Cái | L42: 1144537 | M42: 0 | N42: 0 | O42: 4 | P42: 4578148 | Q42: 0 | R42: 0 | S42: 152 | T42: 154 | U42: DX1TNJ0034 | V42: Ru lô cuốn cáp tĩnh điện quay tự động, model: SCR35A6002, vật liệu: nhôm,hiệu TechnoJet | W42: NVLTT | X42: Chi phí nguyên liệu, vật liệu trực tiếp
A43: C | B43: Kho Nguyên vật liệu | C43: CX1DWH0503 | D43: Lò xo xoắn cuộn, chất liệu:Thép mangan, cuộn dài 19m, độ dày lá thép 1mm, đường kính ngoài 250mm, cao 20mm | F43: 46237 | G43: 46237 | H43: NK26/168 | I43: Mua hàng lò xo cuộn PO14 của Dongguan Weihui Hardware Spring Products Co., Ltd. | J43: Cái | K43: Cái | L43: 813086.79 | M43: 72 | N43: 58542249 | O43: 0 | P43: 0 | Q43: 72 | R43: 58542249 | S43: 152 | T43: 331
A44: C | B44: Kho Nguyên vật liệu | C44: CX1FBJ0705 | D44: Vòng Bi CN 696-ZZ FBJ | F44: 46290 | G44: 46290 | H44: NK26/228 | I44: Mua hàng vòng bi của CÔNG TY TNHH THIẾT BỊ ĐỈNH PHONG | J44: Cái | K44: Cái | L44: 12893.51 | M44: 80 | N44: 1031481 | O44: 0 | P44: 0 | Q44: 80 | R44: 1031481 | S44: 152 | T44: 1121
A45: C | B45: Kho Nguyên vật liệu | C45: CX1FBJ0705 | D45: Vòng Bi CN 696-ZZ FBJ | F45: 46290 | G45: 46290 | H45: XK26/324 | I45: Xuất kho sản xuất | J45: Cái | K45: Cái | L45: 12893.51 | M45: 0 | N45: 0 | O45: 80 | P45: 1031481 | Q45: 0 | R45: 0 | S45: 152 | T45: 154 | U45: DX1TNJ0031 | V45: Rulo cuốn ống đôi rút tự động 3/8 inch x 60 feet. Model: DHRM38A6001-AC. Hiệu: TechnoJet | W45: NVLTT | X45: Chi phí nguyên liệu, vật liệu trực tiếp
A46: C | B46: Kho Nguyên vật liệu | C46: CX1FUT0089 | D46: Xích (Sên) D.I.D HDS 428 - 130 RB STEEL | I46: Số dư đầu kỳ | J46: Bộ | K46: Bộ | L46: 160364 | M46: 0 | N46: 0 | O46: 0 | P46: 0 | Q46: 3 | R46: 481092
A47: C | B47: Kho Nguyên vật liệu | C47: CX1GOL0091 | D47: Khớp xoay cong 90 độ 2 inch, chất liệu: thép không gỉ 304, đường kính trong: 5,3 cm, dùng nối với ống inox để dẫn chất lỏng | I47: Số dư đầu kỳ | J47: Cái | K47: Cái | L47: 4492248 | M47: 0 | N47: 0 | O47: 0 | P47: 0 | Q47: 1 | R47: 4492248
A48: C | B48: Kho Nguyên vật liệu | C48: CX1GOL0190 | D48: Khớp xoay thẳng 2 inch, inox 304, Model: SSV02S03-TG | I48: Số dư đầu kỳ | J48: Cái (Pcs) | K48: Cái (Pcs) | L48: 3722372.3 | M48: 0 | N48: 0 | O48: 0 | P48: 0 | Q48: 7 | R48: 26056606
A49: C | B49: Kho Nguyên vật liệu | C49: CX1GOL0190 | D49: Khớp xoay thẳng 2 inch, inox 304, Model: SSV02S03-TG | F49: 46217 | G49: 46217 | H49: XK26/168 | I49: Xuất kho cho CÔNG TY TNHH CƠ KHÍ HOÀNG TRÍ PHÁT mượn | J49: Cái (Pcs) | K49: Cái (Pcs) | L49: 3722372.2 | M49: 0 | N49: 0 | O49: 1 | P49: 3722372 | Q49: 6 | R49: 22334234 | S49: 152 | T49: 1388
A50: C | B50: Kho Nguyên vật liệu | C50: CX1GOL0190 | D50: Khớp xoay thẳng 2 inch, inox 304, Model: SSV02S03-TG | F50: 46233 | G50: 46233 | H50: NK26/163 | I50: Nhập kho lại Măng xông, khớp xoay thẳng 2", khớp xoay cong 90 độ 3" cho CÔNG TY Hoàng Trí Phát mượn | J50: Cái (Pcs) | K50: Cái (Pcs) | L50: 3722372.3 | M50: 1 | N50: 3722372 | O50: 0 | P50: 0 | Q50: 7 | R50: 26056606 | S50: 152 | T50: 1388
A51: C | B51: Kho Nguyên vật liệu | C51: CX1GOL0190 | D51: Khớp xoay thẳng 2 inch, inox 304, Model: SSV02S03-TG | F51: 46288 | G51: 46288 | H51: XK26/319 | I51: Xuất kho bán hàng INNOCAR INC | J51: Cái (Pcs) | K51: Cái (Pcs) | L51: 3722372.3 | M51: 0 | N51: 0 | O51: 7 | P51: 26056606 | Q51: 0 | R51: 0 | S51: 152 | T51: 632
A52: C | B52: Kho Nguyên vật liệu | C52: CX1GOL0192 | D52: Gioăng phốt làm kín (Seal) VITON- RPTFE+304+FVMQ, dùng cho Khớp xoay | I52: Số dư đầu kỳ | J52: Bộ (Set) | K52: Bộ (Set) | L52: 0 | M52: 0 | N52: 0 | O52: 0 | P52: 0 | Q52: 1 | R52: 0
A53: C | B53: Kho Nguyên vật liệu | C53: CX1GOL0192 | D53: Gioăng phốt làm kín (Seal) VITON- RPTFE+304+FVMQ, dùng cho Khớp xoay | F53: 46239 | G53: 46239 | H53: NK26/170 | I53: Mua Khớp xoay thẳng 2", Gioăng phốt của GOLDENMAN PETROLEUM EQUIPMENT CO., LIMITED theo TK108498859120 | J53: Bộ (Set) | K53: Bộ (Set) | L53: 1378178.4 | M53: 5 | N53: 6890892 | O53: 0 | P53: 0 | Q53: 6 | R53: 6890892 | S53: 152 | T53: 331
A54: C | B54: Kho Nguyên vật liệu | C54: CX1GOL0192 | D54: Gioăng phốt làm kín (Seal) VITON- RPTFE+304+FVMQ, dùng cho Khớp xoay | F54: 46248 | G54: 46248 | H54: XK26/221 | I54: Xuất kho bán hàng INNOCAR INC | J54: Bộ (Set) | K54: Bộ (Set) | L54: 1148482 | M54: 0 | N54: 0 | O54: 5 | P54: 5742410 | Q54: 1 | R54: 1148482 | S54: 152 | T54: 632
A55: C | B55: Kho Nguyên vật liệu | C55: CX1GOL0192 | D55: Gioăng phốt làm kín (Seal) VITON- RPTFE+304+FVMQ, dùng cho Khớp xoay | F55: 46280 | G55: 46280 | H55: NK26/224 | I55: Mua Khớp xoay cong 2", 3",Gioăng phốt (PO15) của GOLDENMAN PETROLEUM EQUIPMENT CO., LIMITED theo TK108628152950 | J55: Bộ (Set) | K55: Bộ (Set) | L55: 18798.25 | M55: 4 | N55: 75193 | O55: 0 | P55: 0 | Q55: 5 | R55: 1223675 | S55: 152 | T55: 331
A56: C | B56: Kho Nguyên vật liệu | C56: CX1GOL0383 | D56: Khớp xoay cong 90 độ 2.5inch, inox 304, model: SVE25S01-TG, hiệu:TechnoJet | I56: Số dư đầu kỳ | J56: Cái | K56: Cái | L56: 5505177 | M56: 0 | N56: 0 | O56: 0 | P56: 0 | Q56: 1 | R56: 5505177
A57: C | B57: Kho Nguyên vật liệu | C57: CX1GOL0384 | D57: Khớp xoay cong 90 độ 3 inch, inox 304, model: SVE30S01-TG, hiệu: TechnoJet | I57: Số dư đầu kỳ | J57: Cái | K57: Cái | L57: 6672942 | M57: 0 | N57: 0 | O57: 0 | P57: 0 | Q57: 3 | R57: 20018826
A58: C | B58: Kho Nguyên vật liệu | C58: CX1GOL0384 | D58: Khớp xoay cong 90 độ 3 inch, inox 304, model: SVE30S01-TG, hiệu: TechnoJet | F58: 46217 | G58: 46217 | H58: XK26/168 | I58: Xuất kho cho CÔNG TY TNHH CƠ KHÍ HOÀNG TRÍ PHÁT mượn | J58: Cái | K58: Cái | L58: 6672707.2 | M58: 0 | N58: 0 | O58: 1 | P58: 6672707 | Q58: 2 | R58: 13346119 | S58: 152 | T58: 1388
A59: C | B59: Kho Nguyên vật liệu | C59: CX1GOL0384 | D59: Khớp xoay cong 90 độ 3 inch, inox 304, model: SVE30S01-TG, hiệu: TechnoJet | F59: 46233 | G59: 46233 | H59: NK26/163 | I59: Nhập kho lại Măng xông, khớp xoay thẳng 2", khớp xoay cong 90 độ 3" cho CÔNG TY Hoàng Trí Phát mượn | J59: Cái | K59: Cái | L59: 6672707 | M59: 1 | N59: 6672707 | O59: 0 | P59: 0 | Q59: 3 | R59: 20018826 | S59: 152 | T59: 1388
A60: C | B60: Kho Nguyên vật liệu | C60: CX1GOL0384 | D60: Khớp xoay cong 90 độ 3 inch, inox 304, model: SVE30S01-TG, hiệu: TechnoJet | F60: 46280 | G60: 46280 | H60: NK26/224 | I60: Mua Khớp xoay cong 2", 3",Gioăng phốt (PO15) của GOLDENMAN PETROLEUM EQUIPMENT CO., LIMITED theo TK108628152950 | J60: Cái | K60: Cái | L60: 6512282.9 | M60: 8 | N60: 52098263 | O60: 0 | P60: 0 | Q60: 11 | R60: 72117089 | S60: 152 | T60: 331
A61: C | B61: Kho Nguyên vật liệu | C61: CX1GOL0384 | D61: Khớp xoay cong 90 độ 3 inch, inox 304, model: SVE30S01-TG, hiệu: TechnoJet | F61: 46289 | G61: 46289 | H61: XK26/321 | I61: Xuất kho sản xuất | J61: Cái | K61: Cái | L61: 6556035 | M61: 0 | N61: 0 | O61: 10 | P61: 65560350 | Q61: 1 | R61: 6556739 | S61: 152 | T61: 154 | U61: DX1TNJ0023 | V61: Rulo cuốn ống đa cấp bằng nhôm 3 inch 60 feet. Model: HRM30A6001. Hiệu: TECHNOJET | W61: NVLTT | X61: Chi phí nguyên liệu, vật liệu trực tiếp
A62: C | B62: Kho Nguyên vật liệu | C62: CX1GOL0385 | D62: Khớp xoay cong 90 độ 2 inch, inox 304, model: SVE20S04-TG, hiệu: TechnoJet | I62: Số dư đầu kỳ | J62: Cái (Pcs) | K62: Cái (Pcs) | L62: 4031569.2 | M62: 0 | N62: 0 | O62: 0 | P62: 0 | Q62: 8 | R62: 32252554
A63: C | B63: Kho Nguyên vật liệu | C63: CX1GOL0385 | D63: Khớp xoay cong 90 độ 2 inch, inox 304, model: SVE20S04-TG, hiệu: TechnoJet | F63: 46268 | G63: 46268 | H63: XK26/266 | I63: Xuất kho sản xuất | J63: Cái (Pcs) | K63: Cái (Pcs) | L63: 4049481.9 | M63: 0 | N63: 0 | O63: 8 | P63: 32395855 | Q63: 0 | R63: -143301 | S63: 152 | T63: 154 | U63: DX1TNJ0024 | V63: Rulo cuốn ống đơn cấp bằng nhôm 2 inch 60 feet. Model: HRS20A6003. Hiệu: TECHNOJET | W63: NVLTT | X63: Chi phí nguyên liệu, vật liệu trực tiếp
A64: C | B64: Kho Nguyên vật liệu | C64: CX1GOL0385 | D64: Khớp xoay cong 90 độ 2 inch, inox 304, model: SVE20S04-TG, hiệu: TechnoJet | F64: 46280 | G64: 46280 | H64: NK26/224 | I64: Mua Khớp xoay cong 2", 3",Gioăng phốt (PO15) của GOLDENMAN PETROLEUM EQUIPMENT CO., LIMITED theo TK108628152950 | J64: Cái (Pcs) | K64: Cái (Pcs) | L64: 4061423.7 | M64: 12 | N64: 48737084 | O64: 0 | P64: 0 | Q64: 12 | R64: 48593783 | S64: 152 | T64: 331
A65: C | B65: Kho Nguyên vật liệu | C65: CX1GOL0385 | D65: Khớp xoay cong 90 độ 2 inch, inox 304, model: SVE20S04-TG, hiệu: TechnoJet | F65: 46288 | G65: 46288 | H65: XK26/319 | I65: Xuất kho bán hàng INNOCAR INC | J65: Cái (Pcs) | K65: Cái (Pcs) | L65: 4049481.9 | M65: 0 | N65: 0 | O65: 10 | P65: 40494819 | Q65: 2 | R65: 8098964 | S65: 152 | T65: 632
A66: C | B66: Kho Nguyên vật liệu | C66: CX1GOL0385 | D66: Khớp xoay cong 90 độ 2 inch, inox 304, model: SVE20S04-TG, hiệu: TechnoJet | F66: 46289 | G66: 46289 | H66: XK26/321 | I66: Xuất kho sản xuất | J66: Cái (Pcs) | K66: Cái (Pcs) | L66: 4049481.9 | M66: 0 | N66: 0 | O66: 2 | P66: 8098964 | Q66: 0 | R66: 0 | S66: 152 | T66: 154 | U66: DX1TNJ0024 | V66: Rulo cuốn ống đơn cấp bằng nhôm 2 inch 60 feet. Model: HRS20A6003. Hiệu: TECHNOJET | W66: NVLTT | X66: Chi phí nguyên liệu, vật liệu trực tiếp
A67: C | B67: Kho Nguyên vật liệu | C67: CX1GOL0386 | D67: Khớp xoay thẳng 4 inch, inox 304, model: SVS40S01-TTMA, hiệu: TechnoJet | I67: Số dư đầu kỳ | J67: Cái | K67: Cái | L67: 13846355 | M67: 0 | N67: 0 | O67: 0 | P67: 0 | Q67: 1 | R67: 13846355
A68: C | B68: Kho Nguyên vật liệu | C68: CX1GOL0387 | D68: Khớp xoay thẳng 2 inch, inox 304, model: SVS20S03-TG, hiệu:TechnoJet | I68: Số dư đầu kỳ | J68: Cái (Pcs) | K68: Cái (Pcs) | L68: 3753529.8 | M68: 0 | N68: 0 | O68: 0 | P68: 0 | Q68: 5 | R68: 18767649
A69: C | B69: Kho Nguyên vật liệu | C69: CX1GOL0387 | D69: Khớp xoay thẳng 2 inch, inox 304, model: SVS20S03-TG, hiệu:TechnoJet | F69: 46288 | G69: 46288 | H69: XK26/319 | I69: Xuất kho bán hàng INNOCAR INC | J69: Cái (Pcs) | K69: Cái (Pcs) | L69: 3753529.8 | M69: 0 | N69: 0 | O69: 3 | P69: 11260589 | Q69: 2 | R69: 7507060 | S69: 152 | T69: 632
A70: C | B70: Kho Nguyên vật liệu | C70: CX1GOL0388 | D70: Khớp xoay 2 đầu cong 90 độ 3inch, inox 304, model:SVDE30S01-FT, hiệu:TechnoJet | I70: Số dư đầu kỳ | J70: Cái | K70: Cái | L70: 9175295.5 | M70: 0 | N70: 0 | O70: 0 | P70: 0 | Q70: 2 | R70: 18350591
A71: C | B71: Kho Nguyên vật liệu | C71: CX1GOL0388 | D71: Khớp xoay 2 đầu cong 90 độ 3inch, inox 304, model:SVDE30S01-FT, hiệu:TechnoJet | F71: 46245 | G71: 46245 | H71: XK26/214 | I71: Xuất kho sản xuất | J71: Cái | K71: Cái | L71: 9175295.5 | M71: 0 | N71: 0 | O71: 2 | P71: 18350591 | Q71: 0 | R71: 0 | S71: 152 | T71: 154 | U71: DX1TNJ0036 | V71: Khớp xoay 2 đầu cong 90 độ 3inch, inox 304, model:SVDE30S01-FT, hiệu:TechnoJet | W71: NVLTT | X71: Chi phí nguyên liệu, vật liệu trực tiếp
A72: C | B72: Kho Nguyên vật liệu | C72: CX1GOL0669 | D72: Khớp xoay thẳng 2 inch, inox 304, model: SVS20S01-FF, hiệu:TechnoJet | F72: 46239 | G72: 46239 | H72: NK26/170 | I72: Mua Khớp xoay thẳng 2", Gioăng phốt của GOLDENMAN PETROLEUM EQUIPMENT CO., LIMITED theo TK108498859120 | J72: Cái | K72: Cái | L72: 5340441.5 | M72: 2 | N72: 10680883 | O72: 0 | P72: 0 | Q72: 2 | R72: 10680883 | S72: 152 | T72: 331
A73: C | B73: Kho Nguyên vật liệu | C73: CX1GOL0669 | D73: Khớp xoay thẳng 2 inch, inox 304, model: SVS20S01-FF, hiệu:TechnoJet | F73: 46245 | G73: 46245 | H73: XK26/214 | I73: Xuất kho sản xuất | J73: Cái | K73: Cái | L73: 5340441.5 | M73: 0 | N73: 0 | O73: 2 | P73: 10680883 | Q73: 0 | R73: 0 | S73: 152 | T73: 154 | U73: DX1TNJ0035 | V73: Khớp xoay thẳng 2 inch, inox 304, model: SVS20S01-FF, hiệu:TechnoJet | W73: NVLTT | X73: Chi phí nguyên liệu, vật liệu trực tiếp
A74: C | B74: Kho Nguyên vật liệu | C74: CX1HDU0032 | D74: Đá mài HẢI DƯƠNG Bavia Cn 100.6.16 | I74: Số dư đầu kỳ | J74: Viên | K74: Viên | L74: 5700 | M74: 0 | N74: 0 | O74: 0 | P74: 0 | Q74: 20 | R74: 114000
A75: C | B75: Kho Nguyên vật liệu | C75: CX1HDU0032 | D75: Đá mài HẢI DƯƠNG Bavia Cn 100.6.16 | F75: 46239 | G75: 46239 | H75: XK26/208 | I75: Xuất kho sản xuất | J75: Viên | K75: Viên | L75: 5700 | M75: 0 | N75: 0 | O75: 2 | P75: 11400 | Q75: 18 | R75: 102600 | S75: 152 | T75: 154 | W75: SXC.VL | X75: Chi phí vật liệu
A76: C | B76: Kho Nguyên vật liệu | C76: CX1HHT0409 | D76: Bộ phụ kiện Interlock Holder IH12SEP03 (7 chi tiết) - Inox | I76: Số dư đầu kỳ | J76: Bộ | K76: Bộ | L76: 650000 | M76: 0 | N76: 0 | O76: 0 | P76: 0 | Q76: 14 | R76: 9100000
A77: C | B77: Kho Nguyên vật liệu | C77: CX1HHT0409 | D77: Bộ phụ kiện Interlock Holder IH12SEP03 (7 chi tiết) - Inox | F77: 46258 | G77: 46258 | H77: XK26/267 | I77: Xuất kho sản xuất | J77: Bộ | K77: Bộ | L77: 650000 | M77: 0 | N77: 0 | O77: 4.38 | P77: 2847000 | Q77: 9.62 | R77: 6253000 | S77: 152 | T77: 154 | U77: DX1TNJ0037 | V77: Nozzle Holder - Bát giữ đầu vòi ống xăng dầu bằng inox , có trang bị nắp chụp. Model: NH12ESP01-DC. Hiệu: TECHNOJET | W77: NVLTT | X77: Chi phí nguyên liệu, vật liệu trực tiếp
A78: C | B78: Kho Nguyên vật liệu | C78: CX1HHT0409 | D78: Bộ phụ kiện Interlock Holder IH12SEP03 (7 chi tiết) - Inox | F78: 46260 | G78: 46260 | H78: XK26/268 | I78: Xuất kho sản xuất | J78: Bộ | K78: Bộ | L78: 650000 | M78: 0 | N78: 0 | O78: 0.72 | P78: 468000 | Q78: 8.9 | R78: 5785000 | S78: 152 | T78: 154 | U78: DX1TNJ0037 | V78: Nozzle Holder - Bát giữ đầu vòi ống xăng dầu bằng inox , có trang bị nắp chụp. Model: NH12ESP01-DC. Hiệu: TECHNOJET | W78: NVLTT | X78: Chi phí nguyên liệu, vật liệu trực tiếp
A79: C | B79: Kho Nguyên vật liệu | C79: CX1HHT0409 | D79: Bộ phụ kiện Interlock Holder IH12SEP03 (7 chi tiết) - Inox | F79: 46276 | G79: 46276 | H79: XK26/283 | I79: Xuất kho sản xuất | J79: Bộ | K79: Bộ | L79: 650000 | M79: 0 | N79: 0 | O79: 1.92 | P79: 1248000 | Q79: 6.98 | R79: 4537000 | S79: 152 | T79: 154 | U79: DX1TNJ0037 | V79: Nozzle Holder - Bát giữ đầu vòi ống xăng dầu bằng inox , có trang bị nắp chụp. Model: NH12ESP01-DC. Hiệu: TECHNOJET | W79: NVLTT | X79: Chi phí nguyên liệu, vật liệu trực tiếp
A80: C | B80: Kho Nguyên vật liệu | C80: CX1HHT0409 | D80: Bộ phụ kiện Interlock Holder IH12SEP03 (7 chi tiết) - Inox | F80: 46283 | G80: 46283 | H80: XK26/320 | I80: Xuất kho sản xuất | J80: Bộ | K80: Bộ | L80: 650000 | M80: 0 | N80: 0 | O80: 2.82 | P80: 1833000 | Q80: 4.16 | R80: 2704000 | S80: 152 | T80: 154 | U80: DX1TNJ0037 | V80: Nozzle Holder - Bát giữ đầu vòi ống xăng dầu bằng inox , có trang bị nắp chụp. Model: NH12ESP01-DC. Hiệu: TECHNOJET | W80: NVLTT | X80: Chi phí nguyên liệu, vật liệu trực tiếp
A81: C | B81: Kho Nguyên vật liệu | C81: CX1HHT0410 | D81: Bộ phụ kiện Interlock Holder IH12SEP03 (không có nắp chụp bụi) (2 chi tiết) - Inox | I81: Số dư đầu kỳ | J81: Bộ | K81: Bộ | L81: 320000 | M81: 0 | N81: 0 | O81: 0 | P81: 0 | Q81: 14 | R81: 4480000
A82: C | B82: Kho Nguyên vật liệu | C82: CX1HHT0410 | D82: Bộ phụ kiện Interlock Holder IH12SEP03 (không có nắp chụp bụi) (2 chi tiết) - Inox | F82: 46258 | G82: 46258 | H82: XK26/267 | I82: Xuất kho sản xuất | J82: Bộ | K82: Bộ | L82: 320000 | M82: 0 | N82: 0 | O82: 4.8 | P82: 1536000 | Q82: 9.2 | R82: 2944000 | S82: 152 | T82: 154 | U82: DX1TNJ0038 | V82: Nozzle Holder - Bát giữ đầu vòi ống xăng dầu bằng inox , không có nắp chụp. Model: NH12ESP01. Hiệu: TECHNOJET | W82: NVLTT | X82: Chi phí nguyên liệu, vật liệu trực tiếp
A83: C | B83: Kho Nguyên vật liệu | C83: CX1HHT0410 | D83: Bộ phụ kiện Interlock Holder IH12SEP03 (không có nắp chụp bụi) (2 chi tiết) - Inox | F83: 46276 | G83: 46276 | H83: XK26/283 | I83: Xuất kho sản xuất | J83: Bộ | K83: Bộ | L83: 320000 | M83: 0 | N83: 0 | O83: 4.8 | P83: 1536000 | Q83: 4.4 | R83: 1408000 | S83: 152 | T83: 154 | U83: DX1TNJ0038 | V83: Nozzle Holder - Bát giữ đầu vòi ống xăng dầu bằng inox , không có nắp chụp. Model: NH12ESP01. Hiệu: TECHNOJET | W83: NVLTT | X83: Chi phí nguyên liệu, vật liệu trực tiếp
A84: C | B84: Kho Nguyên vật liệu | C84: CX1HON0180 | D84: Lưỡi cưa vòng HONSBERG 1735x20x0.9x5/8TPI | I84: Số dư đầu kỳ | J84: Cái | K84: Cái | L84: 265000 | M84: 0 | N84: 0 | O84: 0 | P84: 0 | Q84: 1 | R84: 265000
A85: C | B85: Kho Nguyên vật liệu | C85: CX1HON0180 | D85: Lưỡi cưa vòng HONSBERG 1735x20x0.9x5/8TPI | F85: 46224 | G85: 46224 | H85: NK26/155 | I85: Mua Lưỡi cưa vòng của CÔNG TY TRÁCH NHIỆM HỮU HẠN DỊCH VỤ HỒ GIA PHÁT | J85: Cái | K85: Cái | L85: 280000 | M85: 10 | N85: 2800000 | O85: 0 | P85: 0 | Q85: 11 | R85: 3065000 | S85: 152 | T85: 1121
A86: C | B86: Kho Nguyên vật liệu | C86: CX1HON0180 | D86: Lưỡi cưa vòng HONSBERG 1735x20x0.9x5/8TPI | F86: 46224 | G86: 46224 | H86: NK26/155 | I86: Mua Lưỡi cưa vòng của CÔNG TY TRÁCH NHIỆM HỮU HẠN DỊCH VỤ HỒ GIA PHÁT | J86: Cái | K86: Cái | L86: 0 | M86: 1 | N86: 0 | O86: 0 | P86: 0 | Q86: 12 | R86: 3065000 | S86: 152 | T86: 711
A87: C | B87: Kho Nguyên vật liệu | C87: CX1HON0180 | D87: Lưỡi cưa vòng HONSBERG 1735x20x0.9x5/8TPI | F87: 46237 | G87: 46237 | H87: XK26/204 | I87: Xuất kho sản xuất | J87: Cái | K87: Cái | L87: 255416.67 | M87: 0 | N87: 0 | O87: 1 | P87: 255417 | Q87: 11 | R87: 2809583 | S87: 152 | T87: 154 | W87: SXC.VL | X87: Chi phí vật liệu
A88: C | B88: Kho Nguyên vật liệu | C88: CX1HON0180 | D88: Lưỡi cưa vòng HONSBERG 1735x20x0.9x5/8TPI | F88: 46238 | G88: 46238 | H88: XK26/207 | I88: Xuất kho sản xuất | J88: Cái | K88: Cái | L88: 255416.67 | M88: 0 | N88: 0 | O88: 1 | P88: 255417 | Q88: 10 | R88: 2554166 | S88: 152 | T88: 154 | W88: SXC.VL | X88: Chi phí vật liệu
A89: C | B89: Kho Nguyên vật liệu | C89: CX1HTP0299 | D89: Bánh răng đồng tốc thép C45: 44 x 30,1 x 27 mm | F89: 46276 | G89: 46276 | H89: NK26/222 | I89: Mua hàng của CÔNG TY TNHH CƠ KHÍ HOÀNG TRÍ PHÁT theo hóa đơn số 117 | J89: Cái | K89: Cái | L89: 646000 | M89: 20 | N89: 12920000 | O89: 0 | P89: 0 | Q89: 20 | R89: 12920000 | S89: 152 | T89: 331
A90: C | B90: Kho Nguyên vật liệu | C90: CX1HTP0299 | D90: Bánh răng đồng tốc thép C45: 44 x 30,1 x 27 mm | F90: 46276 | G90: 46276 | H90: XK26/290 | I90: Xuất kho sản xuất | J90: Cái | K90: Cái | L90: 646000 | M90: 0 | N90: 0 | O90: 4 | P90: 2584000 | Q90: 16 | R90: 10336000 | S90: 152 | T90: 154 | U90: DX1TNJ0040 | V90: Bộ giảm tốc bánh răng đa năng, chất liệu kim loại (Phải). Model GRU30A05-OF-R. Hiệu TECHNOJET | W90: NVLTT | X90: Chi phí nguyên liệu, vật liệu trực tiếp
A91: C | B91: Kho Nguyên vật liệu | C91: CX1HTP0299 | D91: Bánh răng đồng tốc thép C45: 44 x 30,1 x 27 mm | F91: 46281 | G91: 46281 | H91: XK26/297 | I91: Xuất kho sản xuất | J91: Cái | K91: Cái | L91: 646000 | M91: 0 | N91: 0 | O91: 6 | P91: 3876000 | Q91: 10 | R91: 6460000 | S91: 152 | T91: 154 | U91: DX1TNJ0040 | V91: Bộ giảm tốc bánh răng đa năng, chất liệu kim loại (Phải). Model GRU30A05-OF-R. Hiệu TECHNOJET | W91: NVLTT | X91: Chi phí nguyên liệu, vật liệu trực tiếp
A92: C | B92: Kho Nguyên vật liệu | C92: CX1HTP0299 | D92: Bánh răng đồng tốc thép C45: 44 x 30,1 x 27 mm | F92: 46281 | G92: 46281 | H92: XK26/300 | I92: Xuất kho sản xuất | J92: Cái | K92: Cái | L92: 646000 | M92: 0 | N92: 0 | O92: 10 | P92: 6460000 | Q92: 0 | R92: 0 | S92: 152 | T92: 154 | U92: DX1TNJ0039 | V92: Bộ giảm tốc bánh răng đa năng, chất liệu kim loại (Trái). Model GRU30A05-OF-L. Hiệu TECHNOJET | W92: NVLTT | X92: Chi phí nguyên liệu, vật liệu trực tiếp
A93: C | B93: Kho Nguyên vật liệu | C93: CX1HTP0355 | D93: Đĩa răng 160T-C40 bằng thép ɸ654,343x400x7,2mm | F93: 46199 | G93: 46199 | H93: NK26/138 | I93: Mua hàng của CÔNG TY TNHH CƠ KHÍ HOÀNG TRÍ PHÁT theo hóa đơn số 76 | J93: Cái | K93: Cái | L93: 1700000 | M93: 10 | N93: 17000000 | O93: 0 | P93: 0 | Q93: 10 | R93: 17000000 | S93: 152 | T93: 331
A94: C | B94: Kho Nguyên vật liệu | C94: CX1HTP0355 | D94: Đĩa răng 160T-C40 bằng thép ɸ654,343x400x7,2mm | F94: 46301 | G94: 46301 | H94: XK26/349 | I94: Xuất kho sản xuất | J94: Cái | K94: Cái | L94: 1700000 | M94: 0 | N94: 0 | O94: 10 | P94: 17000000 | Q94: 0 | R94: 0 | S94: 152 | T94: 154 | U94: DX1TNJ0023 | V94: Rulo cuốn ống đa cấp bằng nhôm 3 inch 60 feet. Model: HRM30A6001. Hiệu: TECHNOJET | W94: NVLTT | X94: Chi phí nguyên liệu, vật liệu trực tiếp
A95: C | B95: Kho Nguyên vật liệu | C95: CX1HTP0439 | D95: Đĩa răng 145T-C40 bằng thép 593,696 x 380 x 7,2 mm | F95: 46199 | G95: 46199 | H95: NK26/138 | I95: Mua hàng của CÔNG TY TNHH CƠ KHÍ HOÀNG TRÍ PHÁT theo hóa đơn số 76 | J95: Cái | K95: Cái | L95: 1650000 | M95: 10 | N95: 16500000 | O95: 0 | P95: 0 | Q95: 10 | R95: 16500000 | S95: 152 | T95: 331
A96: C | B96: Kho Nguyên vật liệu | C96: CX1HTP0439 | D96: Đĩa răng 145T-C40 bằng thép 593,696 x 380 x 7,2 mm | F96: 46248 | G96: 46248 | H96: XK26/225 | I96: Xuất kho sản xuất | J96: Cái | K96: Cái | L96: 1650000 | M96: 0 | N96: 0 | O96: 10 | P96: 16500000 | Q96: 0 | R96: 0 | S96: 152 | T96: 154 | U96: DX1TNJ0024 | V96: Rulo cuốn ống đơn cấp bằng nhôm 2 inch 60 feet. Model: HRS20A6003. Hiệu: TECHNOJET | W96: NVLTT | X96: Chi phí nguyên liệu, vật liệu trực tiếp
A97: C | B97: Kho Nguyên vật liệu | C97: CX1HTP0487 | D97: TRỤC ɸ65*54mm | I97: Số dư đầu kỳ | J97: Cái | K97: Cái | L97: 545455 | M97: 0 | N97: 0 | O97: 0 | P97: 0 | Q97: 4 | R97: 2181820
A98: C | B98: Kho Nguyên vật liệu | C98: CX1HTP0487 | D98: TRỤC ɸ65*54mm | F98: 46181 | G98: 46181 | H98: XK26/121 | I98: Xuất kho sản xuất | J98: Cái | K98: Cái | L98: 545455 | M98: 0 | N98: 0 | O98: 4 | P98: 2181820 | Q98: 0 | R98: 0 | S98: 152 | T98: 154 | U98: DX1TNJ0034 | V98: Ru lô cuốn cáp tĩnh điện quay tự động, model: SCR35A6002, vật liệu: nhôm,hiệu TechnoJet | W98: NVLTT | X98: Chi phí nguyên liệu, vật liệu trực tiếp
A99: C | B99: Kho Nguyên vật liệu | C99: CX1HTP0488 | D99: BÁNH CÓC 149,5*64*13mm | I99: Số dư đầu kỳ | J99: Cái | K99: Cái | L99: 636365 | M99: 0 | N99: 0 | O99: 0 | P99: 0 | Q99: 4 | R99: 2545460
A100: C | B100: Kho Nguyên vật liệu | C100: CX1HTP0488 | D100: BÁNH CÓC 149,5*64*13mm | F100: 46181 | G100: 46181 | H100: XK26/121 | I100: Xuất kho sản xuất | J100: Cái | K100: Cái | L100: 636365 | M100: 0 | N100: 0 | O100: 4 | P100: 2545460 | Q100: 0 | R100: 0 | S100: 152 | T100: 154 | U100: DX1TNJ0034 | V100: Ru lô cuốn cáp tĩnh điện quay tự động, model: SCR35A6002, vật liệu: nhôm,hiệu TechnoJet | W100: NVLTT | X100: Chi phí nguyên liệu, vật liệu trực tiếp
A101: C | B101: Kho Nguyên vật liệu | C101: CX1HTP0489 | D101: LƯỠI GÀI 73.4*18*16mm | I101: Số dư đầu kỳ | J101: Cái | K101: Cái | L101: 318181 | M101: 0 | N101: 0 | O101: 0 | P101: 0 | Q101: 4 | R101: 1272724
...

Sheet đơn vị phụ
A1: SỔ CHI TIẾT VẬT TƯ HÀNG HÓA
A2: Kho: Kho Nguyên vật liệu, Từ ngày 29/05/2026 đến ngày 31/10/2026
A4: Mã kho | B4: Tên kho | C4: Mã hàng | D4: Tên hàng | E4: Mô tả | F4: Ngày hạch toán | G4: Ngày chứng từ | H4: Số chứng từ | I4: Diễn giải | J4: ĐVT | K4: ĐVT chính (ĐVC) | L4: Đơn giá | M4: Nhập | O4: Xuất | Q4: Tồn | S4: TK Kho | T4: TK đối ứng | U4: Mã đối tượng THCP | V4: Tên đối tượng THCP | W4: Mã khoản mục CP | X4: Tên khoản mục CP
M5: Số lượng | N5: Giá trị | O5: Số lượng | P5: Giá trị | Q5: Số lượng | R5: Giá trị
A6: C | B6: Kho Nguyên vật liệu | C6: CX1ATL0390 | D6: Que hàn nhôm TIG CHG-AL3536 phi 1.6mm, hiệu ATLANTIC | I6: Số dư đầu kỳ | J6: kg | K6: que | L6: 182219.7 | M6: 0 | N6: 0 | O6: 0 | P6: 0 | Q6: 1.98 | R6: 360795
A7: C | B7: Kho Nguyên vật liệu | C7: CX1ATL0395 | D7: Que hàn Inox CHG-308 phi 1.6mm, hiệu ATLANTIC | I7: Số dư đầu kỳ | J7: que | K7: kg | L7: 2657.34 | M7: 0 | N7: 0 | O7: 0 | P7: 0 | Q7: 325 | R7: 863636
A8: C | B8: Kho Nguyên vật liệu | C8: CX1ATL0395 | D8: Que hàn Inox CHG-308 phi 1.6mm, hiệu ATLANTIC | F8: 46223 | G8: 46223 | H8: XK26/175 | I8: Vật liệu tiêu hao | J8: que | K8: kg | L8: 2657.34 | M8: 0 | N8: 0 | O8: 15.6 | P8: 41455 | Q8: 309.4 | R8: 822181 | S8: 152 | T8: 154 | W8: SXC.VL | X8: Chi phí vật liệu
A9: C | B9: Kho Nguyên vật liệu | C9: CX1ATL0395 | D9: Que hàn Inox CHG-308 phi 1.6mm, hiệu ATLANTIC | F9: 46233 | G9: 46233 | H9: XK26/202 | I9: Xuất kho sản xuất | J9: que | K9: kg | L9: 2657.34 | M9: 0 | N9: 0 | O9: 20 | P9: 53545 | Q9: 289.4 | R9: 768636 | S9: 152 | T9: 154 | U9: DX1TNJ0024 | V9: Rulo cuốn ống đơn cấp bằng nhôm 2 inch 60 feet. Model: HRS20A6003. Hiệu: TECHNOJET | W9: SXC.VL | X9: Chi phí vật liệu
A10: C | B10: Kho Nguyên vật liệu | C10: CX1ATL0395 | D10: Que hàn Inox CHG-308 phi 1.6mm, hiệu ATLANTIC | F10: 46238 | G10: 46238 | H10: XK26/206 | I10: Xuất kho sản xuất | J10: que | K10: kg | L10: 2657.34 | M10: 0 | N10: 0 | O10: 10 | P10: 25909 | Q10: 279.4 | R10: 742727 | S10: 152 | T10: 154 | U10: DX1TNJ0024 | V10: Rulo cuốn ống đơn cấp bằng nhôm 2 inch 60 feet. Model: HRS20A6003. Hiệu: TECHNOJET | W10: SXC.VL | X10: Chi phí vật liệu
A11: C | B11: Kho Nguyên vật liệu | C11: CX1ATL0395 | D11: Que hàn Inox CHG-308 phi 1.6mm, hiệu ATLANTIC | F11: 46239 | G11: 46239 | H11: XK26/209 | I11: Xuất kho sản xuất | J11: que | K11: kg | L11: 2657.34 | M11: 0 | N11: 0 | O11: 5 | P11: 13818 | Q11: 274.4 | R11: 728909 | S11: 152 | T11: 154 | U11: DX1TNJ0024 | V11: Rulo cuốn ống đơn cấp bằng nhôm 2 inch 60 feet. Model: HRS20A6003. Hiệu: TECHNOJET | W11: SXC.VL | X11: Chi phí vật liệu
A12: C | B12: Kho Nguyên vật liệu | C12: CX1ATL0395 | D12: Que hàn Inox CHG-308 phi 1.6mm, hiệu ATLANTIC | F12: 46240 | G12: 46240 | H12: XK26/217 | I12: Xuất kho sản xuất | J12: que | K12: kg | L12: 2657.34 | M12: 0 | N12: 0 | O12: 30 | P12: 79455 | Q12: 244.4 | R12: 649454 | S12: 152 | T12: 154 | U12: DX1TNJ0023 | V12: Rulo cuốn ống đa cấp bằng nhôm 3 inch 60 feet. Model: HRM30A6001. Hiệu: TECHNOJET | W12: SXC.VL | X12: Chi phí vật liệu
A13: C | B13: Kho Nguyên vật liệu | C13: CX1ATL0395 | D13: Que hàn Inox CHG-308 phi 1.6mm, hiệu ATLANTIC | F13: 46246 | G13: 46246 | H13: XK26/219 | I13: Xuất kho sản xuất | J13: que | K13: kg | L13: 2657.34 | M13: 0 | N13: 0 | O13: 10 | P13: 25909 | Q13: 234.4 | R13: 623545 | S13: 152 | T13: 154 | U13: DX1TNJ0023 | V13: Rulo cuốn ống đa cấp bằng nhôm 3 inch 60 feet. Model: HRM30A6001. Hiệu: TECHNOJET | W13: SXC.VL | X13: Chi phí vật liệu
A14: C | B14: Kho Nguyên vật liệu | C14: CX1ATL0395 | D14: Que hàn Inox CHG-308 phi 1.6mm, hiệu ATLANTIC | F14: 46248 | G14: 46248 | H14: XK26/226 | I14: Xuất kho sản xuất | J14: que | K14: kg | L14: 2657.34 | M14: 0 | N14: 0 | O14: 10 | P14: 25909 | Q14: 224.4 | R14: 597636 | S14: 152 | T14: 154 | U14: DX1TNJ0023 | V14: Rulo cuốn ống đa cấp bằng nhôm 3 inch 60 feet. Model: HRM30A6001. Hiệu: TECHNOJET | W14: SXC.VL | X14: Chi phí vật liệu
A15: C | B15: Kho Nguyên vật liệu | C15: CX1ATL0395 | D15: Que hàn Inox CHG-308 phi 1.6mm, hiệu ATLANTIC | F15: 46260 | G15: 46260 | H15: XK26/253 | I15: Xuất kho sản xuất | J15: que | K15: kg | L15: 2657.34 | M15: 0 | N15: 0 | O15: 10 | P15: 25909 | Q15: 214.4 | R15: 571727 | S15: 152 | T15: 154 | U15: DX1TNJ0023 | V15: Rulo cuốn ống đa cấp bằng nhôm 3 inch 60 feet. Model: HRM30A6001. Hiệu: TECHNOJET | W15: SXC.VL | X15: Chi phí vật liệu
A16: C | B16: Kho Nguyên vật liệu | C16: CX1ATL0395 | D16: Que hàn Inox CHG-308 phi 1.6mm, hiệu ATLANTIC | F16: 46293 | G16: 46293 | H16: XK26/334 | I16: Xuất kho sản xuất | J16: que | K16: kg | L16: 2657.34 | M16: 0 | N16: 0 | O16: 30 | P16: 79455 | Q16: 184.4 | R16: 492272 | S16: 152 | T16: 154 | U16: DX1TNJ0023 | V16: Rulo cuốn ống đa cấp bằng nhôm 3 inch 60 feet. Model: HRM30A6001. Hiệu: TECHNOJET | W16: SXC.VL | X16: Chi phí vật liệu
A17: C | B17: Kho Nguyên vật liệu | C17: CX1ATL0395 | D17: Que hàn Inox CHG-308 phi 1.6mm, hiệu ATLANTIC | F17: 46297 | G17: 46297 | H17: XK26/342 | I17: Xuất kho sản xuất | J17: que | K17: kg | L17: 2657.34 | M17: 0 | N17: 0 | O17: 20 | P17: 53545 | Q17: 164.4 | R17: 438727 | S17: 152 | T17: 154 | U17: DX1TNJ0024 | V17: Rulo cuốn ống đơn cấp bằng nhôm 2 inch 60 feet. Model: HRS20A6003. Hiệu: TECHNOJET | W17: SXC.VL | X17: Chi phí vật liệu
A18: C | B18: Kho Nguyên vật liệu | C18: CX1DID0167 | D18: Xích (Sên) DID 35-1R | F18: 46235 | G18: 46235 | H18: NK26/204 | I18: Mua hàng của Chợ | J18: Sợi | K18: Mét | L18: 300000 | M18: 0.8 | N18: 240000 | O18: 0 | P18: 0 | Q18: 0.8 | R18: 240000 | S18: 152 | T18: 1111
A19: C | B19: Kho Nguyên vật liệu | C19: CX1DID0168 | D19: Xích (Sên) DID 40-1R | F19: 46241 | G19: 46241 | H19: NK26/235 | I19: Mua Mũi khoan, bộ taro M6, long đền M6X19,M10X26 2mm của Chợ | J19: Sợi | K19: Mét | L19: 270000 | M19: 0.71333333 | N19: 192600 | O19: 0 | P19: 0 | Q19: 0.71 | R19: 192600 | S19: 152 | T19: 1111
A20: C | B20: Kho Nguyên vật liệu | C20: CX1DID0168 | D20: Xích (Sên) DID 40-1R | F20: 46301 | G20: 46301 | H20: XK26/351 | I20: Xuất kho sản xuất | J20: Sợi | K20: Mét | L20: 270000 | M20: 0 | N20: 0 | O20: 0.71333333 | P20: 192600 | Q20: 0 | R20: 0 | S20: 152 | T20: 154 | U20: DX1TNJ0024 | V20: Rulo cuốn ống đơn cấp bằng nhôm 2 inch 60 feet. Model: HRS20A6003. Hiệu: TECHNOJET | W20: NVLTT | X20: Chi phí nguyên liệu, vật liệu trực tiếp
A21: C | B21: Kho Nguyên vật liệu | C21: CX1KAN0157 | D21: Xích (sên) KANA 40-1R | I21: Số dư đầu kỳ | J21: m | K21: Sợi | L21: 56666.67 | M21: 0 | N21: 0 | O21: 0 | P21: 0 | Q21: 0.6 | R21: 34000
A22: C | B22: Kho Nguyên vật liệu | C22: CX1KAN0157 | D22: Xích (sên) KANA 40-1R | F22: 46223 | G22: 46223 | H22: NK26/153 | I22: Nhập kho NVL thừa | J22: m | K22: Sợi | L22: 56666.67 | M22: 0.2 | N22: 11333 | O22: 0 | P22: 0 | Q22: 0.8 | R22: 45333 | S22: 152 | T22: 154 | W22: NVLTT | X22: Chi phí nguyên liệu, vật liệu trực tiếp
A23: C | B23: Kho Nguyên vật liệu | C23: CX1KAN0158 | D23: Xích (sên) KANA 35-1R | I23: Số dư đầu kỳ | J23: m | K23: Hộp | L23: 55000 | M23: 0 | N23: 0 | O23: 0 | P23: 0 | Q23: 3 | R23: 165000
A24: C | B24: Kho Nguyên vật liệu | C24: CX1KAN0158 | D24: Xích (sên) KANA 35-1R | F24: 46223 | G24: 46223 | H24: XK26/175 | I24: Vật liệu tiêu hao | J24: m | K24: Hộp | L24: 55000 | M24: 0 | N24: 0 | O24: 0.4 | P24: 21450 | Q24: 2.6 | R24: 143550 | S24: 152 | T24: 154 | U24: DX1TNJ0023 | V24: Rulo cuốn ống đa cấp bằng nhôm 3 inch 60 feet. Model: HRM30A6001. Hiệu: TECHNOJET | W24: NVLTT | X24: Chi phí nguyên liệu, vật liệu trực tiếp
A25: C | B25: Kho Nguyên vật liệu | C25: CX1KAN0158 | D25: Xích (sên) KANA 35-1R | F25: 46223 | G25: 46223 | H25: XK26/175 | I25: Vật liệu tiêu hao | J25: m | K25: Hộp | L25: 55000 | M25: 0 | N25: 0 | O25: 2.1 | P25: 115500 | Q25: 0.5 | R25: 28050 | S25: 152 | T25: 632 | U25: DX1TNJ0023 | V25: Rulo cuốn ống đa cấp bằng nhôm 3 inch 60 feet. Model: HRM30A6001. Hiệu: TECHNOJET | W25: NVLTT | X25: Chi phí nguyên liệu, vật liệu trực tiếp
A26: C | B26: Kho Nguyên vật liệu | C26: CX1KAN0158 | D26: Xích (sên) KANA 35-1R | F26: 46235 | G26: 46235 | H26: NK26/204 | I26: Mua hàng của Chợ | J26: m | K26: Hộp | L26: 55000 | M26: 2.65 | N26: 145750 | O26: 0 | P26: 0 | Q26: 3.15 | R26: 173800 | S26: 152 | T26: 1111
A27: C | B27: Kho Nguyên vật liệu | C27: CX1KIS0047 | D27: Que hàn sắt T-50G-2.4x1000, hiệu KISWEL | I27: Số dư đầu kỳ | J27: kg | K27: que | L27: 92063.5 | M27: 0 | N27: 0 | O27: 0 | P27: 0 | Q27: 2 | R27: 184127
A28: C | B28: Kho Nguyên vật liệu | C28: CX1KIS0047 | D28: Que hàn sắt T-50G-2.4x1000, hiệu KISWEL | F28: 46223 | G28: 46223 | H28: NK26/153 | I28: Nhập kho NVL thừa | J28: kg | K28: que | L28: 92063.4 | M28: 1.137931 | N28: 104762 | O28: 0 | P28: 0 | Q28: 3.14 | R28: 288889 | S28: 152 | T28: 154 | W28: SXC.VL | X28: Chi phí vật liệu
A29: C | B29: Kho Nguyên vật liệu | C29: CX1KIS0220 | D29: Que hàn sắt T-50G-1.6 x 1000, hiệu Kiswel | I29: Số dư đầu kỳ | J29: que | K29: kg | L29: 1333.33 | M29: 0 | N29: 0 | O29: 0 | P29: 0 | Q29: 328.02 | R29: 437360
A30: C | B30: Kho Nguyên vật liệu | C30: CX1KIS0220 | D30: Que hàn sắt T-50G-1.6 x 1000, hiệu Kiswel | F30: 46223 | G30: 46223 | H30: NK26/153 | I30: Nhập kho NVL thừa | J30: que | K30: kg | L30: 1333.33 | M30: 1.98 | N30: 2640 | O30: 0 | P30: 0 | Q30: 330 | R30: 440000 | S30: 152 | T30: 154 | W30: SXC.VL | X30: Chi phí vật liệu
A31: C | B31: Kho Nguyên vật liệu | C31: CX1MAX0691 | D31: Xích (sên) Maxton 35-1R | F31: 46259 | G31: 46259 | H31: NK26/196 | I31: Mua hàng của CÔNG TY TNHH XUẤT NHẬP KHẨU C K M theo hóa đơn số 00000657 | J31: Hộp | K31: m | L31: 190000 | M31: 9 | N31: 1710000 | O31: 0 | P31: 0 | Q31: 9 | R31: 1710000 | S31: 152 | T31: 1121
A32: C | B32: Kho Nguyên vật liệu | C32: CX1MAX0691 | D32: Xích (sên) Maxton 35-1R | F32: 46289 | G32: 46289 | H32: XK26/321 | I32: Xuất kho sản xuất | J32: Hộp | K32: m | L32: 189999.99 | M32: 0 | N32: 0 | O32: 0.80666667 | P32: 153267 | Q32: 8.19 | R32: 1556733 | S32: 152 | T32: 154 | U32: DX1TNJ0024 | V32: Rulo cuốn ống đơn cấp bằng nhôm 2 inch 60 feet. Model: HRS20A6003. Hiệu: TECHNOJET | W32: NVLTT | X32: Chi phí nguyên liệu, vật liệu trực tiếp
A33: C | B33: Kho Nguyên vật liệu | C33: CX1MAX0691 | D33: Xích (sên) Maxton 35-1R | F33: 46289 | G33: 46289 | H33: XK26/321 | I33: Xuất kho sản xuất | J33: Hộp | K33: m | L33: 189999.99 | M33: 0 | N33: 0 | O33: 0.98333333 | P33: 186833 | Q33: 7.21 | R33: 1369900 | S33: 152 | T33: 154 | U33: DX1TNJ0023 | V33: Rulo cuốn ống đa cấp bằng nhôm 3 inch 60 feet. Model: HRM30A6001. Hiệu: TECHNOJET | W33: NVLTT | X33: Chi phí nguyên liệu, vật liệu trực tiếp
A34: C | B34: Kho Nguyên vật liệu | C34: CX1MAX0691 | D34: Xích (sên) Maxton 35-1R | F34: 46296 | G34: 46296 | H34: XK26/341 | I34: Xuất kho sản xuất | J34: Hộp | K34: m | L34: 190000.05 | M34: 0 | N34: 0 | O34: 3.2333333 | P34: 614333 | Q34: 3.98 | R34: 755567 | S34: 152 | T34: 154 | U34: DX1TNJ0023 | V34: Rulo cuốn ống đa cấp bằng nhôm 3 inch 60 feet. Model: HRM30A6001. Hiệu: TECHNOJET | W34: NVLTT | X34: Chi phí nguyên liệu, vật liệu trực tiếp
A35: C | B35: Kho Nguyên vật liệu | C35: CX1MAX0691 | D35: Xích (sên) Maxton 35-1R | F35: 46300 | G35: 46300 | H35: NK26/244 | I35: Nhập kho NVL thừa | J35: Hộp | K35: m | L35: 189999.99 | M35: 0.14666667 | N35: 27867 | O35: 0 | P35: 0 | Q35: 4.12 | R35: 783434 | S35: 152 | T35: 154 | U35: DX1TNJ0024 | V35: Rulo cuốn ống đơn cấp bằng nhôm 2 inch 60 feet. Model: HRS20A6003. Hiệu: TECHNOJET | W35: NVLTT | X35: Chi phí nguyên liệu, vật liệu trực tiếp
A36: C | B36: Kho Nguyên vật liệu | C36: CX1MAX0691 | D36: Xích (sên) Maxton 35-1R | F36: 46301 | G36: 46301 | H36: XK26/351 | I36: Xuất kho sản xuất | J36: Hộp | K36: m | L36: 190000.05 | M36: 0 | N36: 0 | O36: 3.2333333 | P36: 614333 | Q36: 0.89 | R36: 169101 | S36: 152 | T36: 154 | U36: DX1TNJ0024 | V36: Rulo cuốn ống đơn cấp bằng nhôm 2 inch 60 feet. Model: HRS20A6003. Hiệu: TECHNOJET | W36: NVLTT | X36: Chi phí nguyên liệu, vật liệu trực tiếp
A37: C | B37: Kho Nguyên vật liệu | C37: CX1MAX0691 | D37: Xích (sên) Maxton 35-1R | F37: 46309 | G37: 46309 | H37: XK26/359 | I37: Xuất kho sản xuất | J37: Hộp | K37: m | L37: 190000.05 | M37: 0 | N37: 0 | O37: 0.53333333 | P37: 101333 | Q37: 0.36 | R37: 67768 | S37: 152 | T37: 154 | U37: DX1TNJ0023 | V37: Rulo cuốn ống đa cấp bằng nhôm 3 inch 60 feet. Model: HRM30A6001. Hiệu: TECHNOJET | W37: NVLTT | X37: Chi phí nguyên liệu, vật liệu trực tiếp
A38: C | B38: Kho Nguyên vật liệu | C38: CX1MNA0023 | D38: Que hàn Inox 308L 1.6x1000mm, hiệu MENAM | I38: Số dư đầu kỳ | J38: que | K38: kg | L38: 1333.33 | M38: 0 | N38: 0 | O38: 0 | P38: 0 | Q38: 24 | R38: 32000
A39: C | B39: Kho Nguyên vật liệu | C39: CX1MNA0023 | D39: Que hàn Inox 308L 1.6x1000mm, hiệu MENAM | F39: 46203 | G39: 46203 | H39: XK26/148 | I39: Xuất kho sản xuất | J39: que | K39: kg | L39: 1333.33 | M39: 0 | N39: 0 | O39: 5 | P39: 6000 | Q39: 19 | R39: 26000 | S39: 152 | T39: 154 | U39: DX1TNJ0031 | V39: Rulo cuốn ống đôi rút tự động 3/8 inch x 60 feet. Model: DHRM38A6001-AC. Hiệu: TechnoJet | W39: SXC.VL | X39: Chi phí vật liệu
A40: C | B40: Kho Nguyên vật liệu | C40: CX1MNA0023 | D40: Que hàn Inox 308L 1.6x1000mm, hiệu MENAM | F40: 46209 | G40: 46209 | H40: XK26/154 | I40: Xuất kho sản xuất | J40: que | K40: kg | L40: 1333.33 | M40: 0 | N40: 0 | O40: 20 | P40: 26000 | Q40: -1 | R40: 0 | S40: 152 | T40: 154 | U40: DX1TNJ0031 | V40: Rulo cuốn ống đôi rút tự động 3/8 inch x 60 feet. Model: DHRM38A6001-AC. Hiệu: TechnoJet | W40: SXC.VL | X40: Chi phí vật liệu
A41: C | B41: Kho Nguyên vật liệu | C41: CX1MNA0049 | D41: Que hàn Inox ER308L loại 2.4mm, hiệu MENAM | I41: Số dư đầu kỳ | J41: kg | K41: que | L41: 223708.21 | M41: 0 | N41: 0 | O41: 0 | P41: 0 | Q41: 3.29 | R41: 736000
A42: C | B42: Kho Nguyên vật liệu | C42: CX1MNA0049 | D42: Que hàn Inox ER308L loại 2.4mm, hiệu MENAM | F42: 46260 | G42: 46260 | H42: XK26/253 | I42: Xuất kho sản xuất | J42: kg | K42: que | L42: 224000 | M42: 0 | N42: 0 | O42: 0.35714286 | P42: 80000 | Q42: 2.93 | R42: 656000 | S42: 152 | T42: 154 | U42: DX1TNJ0023 | V42: Rulo cuốn ống đa cấp bằng nhôm 3 inch 60 feet. Model: HRM30A6001. Hiệu: TECHNOJET | W42: SXC.VL | X42: Chi phí vật liệu
A43: C | B43: Kho Nguyên vật liệu | C43: CX1MNA0049 | D43: Que hàn Inox ER308L loại 2.4mm, hiệu MENAM | F43: 46261 | G43: 46261 | H43: XK26/260 | I43: Xuất kho sản xuất | J43: kg | K43: que | L43: 224000 | M43: 0 | N43: 0 | O43: 0.35714286 | P43: 80000 | Q43: 2.57 | R43: 576000 | S43: 152 | T43: 154 | U43: DX1TNJ0023 | V43: Rulo cuốn ống đa cấp bằng nhôm 3 inch 60 feet. Model: HRM30A6001. Hiệu: TECHNOJET | W43: SXC.VL | X43: Chi phí vật liệu
A44: C | B44: Kho Nguyên vật liệu | C44: CX1MNA0049 | D44: Que hàn Inox ER308L loại 2.4mm, hiệu MENAM | F44: 46294 | G44: 46294 | H44: XK26/338 | I44: Xuất kho sản xuất | J44: kg | K44: que | L44: 224000 | M44: 0 | N44: 0 | O44: 0.71428571 | P44: 160000 | Q44: 1.86 | R44: 416000 | S44: 152 | T44: 154 | U44: DX1TNJ0023 | V44: Rulo cuốn ống đa cấp bằng nhôm 3 inch 60 feet. Model: HRM30A6001. Hiệu: TECHNOJET | W44: SXC.VL | X44: Chi phí vật liệu
A45: C | B45: Kho Nguyên vật liệu | C45: CX1NOA0001 | D45: Tán inox 304 M10 | I45: Số dư đầu kỳ | J45: kg | K45: Cái | L45: 99296.05 | M45: 0 | N45: 0 | O45: 0 | P45: 0 | Q45: 0.76 | R45: 75465
A46: C | B46: Kho Nguyên vật liệu | C46: CX1NOA0001 | D46: Tán inox 304 M10 | F46: 46181 | G46: 46181 | H46: XK26/121 | I46: Xuất kho sản xuất | J46: kg | K46: Cái | L46: 99613.8 | M46: 0 | N46: 0 | O46: 0.04040404 | P46: 4025 | Q46: 0.72 | R46: 71440 | S46: 152 | T46: 154 | U46: DX1TNJ0034 | V46: Ru lô cuốn cáp tĩnh điện quay tự động, model: SCR35A6002, vật liệu: nhôm,hiệu TechnoJet | W46: NVLTT | X46: Chi phí nguyên liệu, vật liệu trực tiếp
A47: C | B47: Kho Nguyên vật liệu | C47: CX1NOA0001 | D47: Tán inox 304 M10 | F47: 46204 | G47: 46204 | H47: XK26/150 | I47: Xuất kho Vật liệu sản xuất tiêu hao | J47: kg | K47: Cái | L47: 99544.5 | M47: 0 | N47: 0 | O47: 0.08080808 | P47: 8044 | Q47: 0.64 | R47: 63396 | S47: 152 | T47: 154 | U47: DX1TNJ0023 | V47: Rulo cuốn ống đa cấp bằng nhôm 3 inch 60 feet. Model: HRM30A6001. Hiệu: TECHNOJET | W47: NVLTT | X47: Chi phí nguyên liệu, vật liệu trực tiếp
A48: C | B48: Kho Nguyên vật liệu | C48: CX1NOA0001 | D48: Tán inox 304 M10 | F48: 46223 | G48: 46223 | H48: NK26/153 | I48: Nhập kho NVL thừa | J48: kg | K48: Cái | L48: 99000 | M48: 0.09090909 | N48: 9000 | O48: 0 | P48: 0 | Q48: 0.73 | R48: 72396 | S48: 152 | T48: 154 | W48: NVLTT | X48: Chi phí nguyên liệu, vật liệu trực tiếp
A49: C | B49: Kho Nguyên vật liệu | C49: CX1NOA0001 | D49: Tán inox 304 M10 | F49: 46226 | G49: 46226 | H49: XK26/186 | I49: Xuất kho sản xuất | J49: kg | K49: Cái | L49: 99544.5 | M49: 0 | N49: 0 | O49: 0.1010101 | P49: 10055 | Q49: 0.63 | R49: 62341 | S49: 152 | T49: 154 | U49: DX1TNJ0024 | V49: Rulo cuốn ống đơn cấp bằng nhôm 2 inch 60 feet. Model: HRS20A6003. Hiệu: TECHNOJET | W49: NVLTT | X49: Chi phí nguyên liệu, vật liệu trực tiếp
A50: C | B50: Kho Nguyên vật liệu | C50: CX1NOA0001 | D50: Tán inox 304 M10 | F50: 46226 | G50: 46226 | H50: XK26/187 | I50: Xuất kho sản xuất | J50: kg | K50: Cái | L50: 99544.5 | M50: 0 | N50: 0 | O50: 0.05050505 | P50: 5028 | Q50: 0.58 | R50: 57313 | S50: 152 | T50: 154 | U50: DX1TNJ0024 | V50: Rulo cuốn ống đơn cấp bằng nhôm 2 inch 60 feet. Model: HRS20A6003. Hiệu: TECHNOJET | W50: NVLTT | X50: Chi phí nguyên liệu, vật liệu trực tiếp
A51: C | B51: Kho Nguyên vật liệu | C51: CX1NOA0001 | D51: Tán inox 304 M10 | F51: 46254 | G51: 46254 | H51: NK26/182 | I51: Mua hàng của CÔNG TY TNHH TM CHÍ CƯỜNG theo hóa đơn số 16085 | J51: kg | K51: Cái | L51: 99000 | M51: 7.1313131 | N51: 706000 | O51: 0 | P51: 0 | Q51: 7.71 | R51: 763313 | S51: 152 | T51: 1121
A52: C | B52: Kho Nguyên vật liệu | C52: CX1NOA0001 | D52: Tán inox 304 M10 | F52: 46260 | G52: 46260 | H52: XK26/275 | I52: Xuất kho sản xuất | J52: kg | K52: Cái | L52: 99040.59 | M52: 0 | N52: 0 | O52: 0.02020202 | P52: 2001 | Q52: 7.69 | R52: 761312 | S52: 152 | T52: 154 | U52: DX1TNJ0024 | V52: Rulo cuốn ống đơn cấp bằng nhôm 2 inch 60 feet. Model: HRS20A6003. Hiệu: TECHNOJET | W52: NVLTT | X52: Chi phí nguyên liệu, vật liệu trực tiếp
A53: C | B53: Kho Nguyên vật liệu | C53: CX1NOA0001 | D53: Tán inox 304 M10 | F53: 46261 | G53: 46261 | H53: XK26/262 | I53: Xuất kho sản xuất | J53: kg | K53: Cái | L53: 99040.59 | M53: 0 | N53: 0 | O53: 2.2222222 | P53: 220090 | Q53: 5.46 | R53: 541222 | S53: 152 | T53: 154 | U53: DX1TNJ0024 | V53: Rulo cuốn ống đơn cấp bằng nhôm 2 inch 60 feet. Model: HRS20A6003. Hiệu: TECHNOJET | W53: NVLTT | X53: Chi phí nguyên liệu, vật liệu trực tiếp
A54: C | B54: Kho Nguyên vật liệu | C54: CX1NOA0001 | D54: Tán inox 304 M10 | F54: 46268 | G54: 46268 | H54: XK26/266 | I54: Xuất kho sản xuất | J54: kg | K54: Cái | L54: 99040.59 | M54: 0 | N54: 0 | O54: 0.4040404 | P54: 40016 | Q54: 5.06 | R54: 501206 | S54: 152 | T54: 154 | U54: DX1TNJ0039 | V54: Bộ giảm tốc bánh răng đa năng, chất liệu kim loại (Trái). Model GRU30A05-OF-L. Hiệu TECHNOJET | W54: NVLTT | X54: Chi phí nguyên liệu, vật liệu trực tiếp
A55: C | B55: Kho Nguyên vật liệu | C55: CX1NOA0001 | D55: Tán inox 304 M10 | F55: 46275 | G55: 46275 | H55: XK26/285 | I55: Xuất kho sản xuất | J55: kg | K55: Cái | L55: 99040.59 | M55: 0 | N55: 0 | O55: 0.04040404 | P55: 4002 | Q55: 5.02 | R55: 497204 | S55: 152 | T55: 154 | U55: DX1TNJ0040 | V55: Bộ giảm tốc bánh răng đa năng, chất liệu kim loại (Phải). Model GRU30A05-OF-R. Hiệu TECHNOJET | W55: NVLTT | X55: Chi phí nguyên liệu, vật liệu trực tiếp
A56: C | B56: Kho Nguyên vật liệu | C56: CX1NOA0001 | D56: Tán inox 304 M10 | F56: 46275 | G56: 46275 | H56: XK26/286 | I56: Xuất kho sản xuất | J56: kg | K56: Cái | L56: 99040.59 | M56: 0 | N56: 0 | O56: 0.32323232 | P56: 32013 | Q56: 4.7 | R56: 465191 | S56: 152 | T56: 154 | U56: DX1TNJ0040 | V56: Bộ giảm tốc bánh răng đa năng, chất liệu kim loại (Phải). Model GRU30A05-OF-R. Hiệu TECHNOJET | W56: NVLTT | X56: Chi phí nguyên liệu, vật liệu trực tiếp
A57: C | B57: Kho Nguyên vật liệu | C57: CX1NOA0001 | D57: Tán inox 304 M10 | F57: 46280 | G57: 46280 | H57: XK26/298 | I57: Xuất kho sản xuất | J57: kg | K57: Cái | L57: 99040.59 | M57: 0 | N57: 0 | O57: 0.12121212 | P57: 12005 | Q57: 4.58 | R57: 453186 | S57: 152 | T57: 154 | U57: DX1TNJ0040 | V57: Bộ giảm tốc bánh răng đa năng, chất liệu kim loại (Phải). Model GRU30A05-OF-R. Hiệu TECHNOJET | W57: NVLTT | X57: Chi phí nguyên liệu, vật liệu trực tiếp
A58: C | B58: Kho Nguyên vật liệu | C58: CX1NOA0001 | D58: Tán inox 304 M10 | F58: 46280 | G58: 46280 | H58: XK26/302 | I58: Xuất kho sản xuất | J58: kg | K58: Cái | L58: 99040.59 | M58: 0 | N58: 0 | O58: 0.2020202 | P58: 20008 | Q58: 4.37 | R58: 433178 | S58: 152 | T58: 154 | U58: DX1TNJ0039 | V58: Bộ giảm tốc bánh răng đa năng, chất liệu kim loại (Trái). Model GRU30A05-OF-L. Hiệu TECHNOJET | W58: NVLTT | X58: Chi phí nguyên liệu, vật liệu trực tiếp
A59: C | B59: Kho Nguyên vật liệu | C59: CX1NOA0001 | D59: Tán inox 304 M10 | F59: 46286 | G59: 46286 | H59: XK26/310 | I59: Xuất kho sản xuất | J59: kg | K59: Cái | L59: 99040.59 | M59: 0 | N59: 0 | O59: 2.2323232 | P59: 221091 | Q59: 2.14 | R59: 212087 | S59: 152 | T59: 154 | U59: DX1TNJ0031 | V59: Rulo cuốn ống đôi rút tự động 3/8 inch x 60 feet. Model: DHRM38A6001-AC. Hiệu: TechnoJet | W59: NVLTT | X59: Chi phí nguyên liệu, vật liệu trực tiếp
A60: C | B60: Kho Nguyên vật liệu | C60: CX1NOA0001 | D60: Tán inox 304 M10 | F60: 46289 | G60: 46289 | H60: XK26/321 | I60: Xuất kho sản xuất | J60: kg | K60: Cái | L60: 99040.59 | M60: 0 | N60: 0 | O60: 0.12121212 | P60: 12005 | Q60: 2.02 | R60: 200082 | S60: 152 | T60: 154 | U60: DX1TNJ0040 | V60: Bộ giảm tốc bánh răng đa năng, chất liệu kim loại (Phải). Model GRU30A05-OF-R. Hiệu TECHNOJET | W60: NVLTT | X60: Chi phí nguyên liệu, vật liệu trực tiếp
A61: C | B61: Kho Nguyên vật liệu | C61: CX1NOA0001 | D61: Tán inox 304 M10 | F61: 46289 | G61: 46289 | H61: XK26/321 | I61: Xuất kho sản xuất | J61: kg | K61: Cái | L61: 99040.59 | M61: 0 | N61: 0 | O61: 0.4040404 | P61: 40016 | Q61: 1.62 | R61: 160066 | S61: 152 | T61: 154 | U61: DX1TNJ0024 | V61: Rulo cuốn ống đơn cấp bằng nhôm 2 inch 60 feet. Model: HRS20A6003. Hiệu: TECHNOJET | W61: NVLTT | X61: Chi phí nguyên liệu, vật liệu trực tiếp
A62: C | B62: Kho Nguyên vật liệu | C62: CX1NOA0001 | D62: Tán inox 304 M10 | F62: 46295 | G62: 46295 | H62: XK26/340 | I62: Xuất kho sản xuất | J62: kg | K62: Cái | L62: 99040.59 | M62: 0 | N62: 0 | O62: 0.32323232 | P62: 32013 | Q62: 1.29 | R62: 128053 | S62: 152 | T62: 154 | U62: DX1TNJ0023 | V62: Rulo cuốn ống đa cấp bằng nhôm 3 inch 60 feet. Model: HRM30A6001. Hiệu: TECHNOJET | W62: NVLTT | X62: Chi phí nguyên liệu, vật liệu trực tiếp
A63: C | B63: Kho Nguyên vật liệu | C63: CX1NOA0001 | D63: Tán inox 304 M10 | F63: 46297 | G63: 46297 | H63: XK26/343 | I63: Xuất kho sản xuất | J63: kg | K63: Cái | L63: 99040.59 | M63: 0 | N63: 0 | O63: 0.1010101 | P63: 10004 | Q63: 1.19 | R63: 118049 | S63: 152 | T63: 154 | U63: DX1TNJ0031 | V63: Rulo cuốn ống đôi rút tự động 3/8 inch x 60 feet. Model: DHRM38A6001-AC. Hiệu: TechnoJet | W63: NVLTT | X63: Chi phí nguyên liệu, vật liệu trực tiếp
... A65: C | B65: Kho Nguyên vật liệu | C65: CX1NOA0001 | D65: Tán inox 304 M10 | F65: 46301 | G65: 46301 | H65: XK26/350 | I65: Xuất kho sản xuất | J65: kg | K65: Cái | L65: 99040.59 | M65: 0 | N65: 0 | O65: 0.2020202 | P65: 20008 | Q65: 0.93 | R65: 92039 | S65: 152 | T65: 154 | U65: DX1TNJ0024 | V65: Rulo cuốn ống đơn cấp bằng nhôm 2 inch 60 feet. Model: HRS20A6003. Hiệu: TECHNOJET | W65: NVLTT | X65: Chi phí nguyên liệu, vật liệu trực tiếp
A66: C | B66: Kho Nguyên vật liệu | C66: CX1NOA0002 | D66: Tán thép đen M10 đầu 14 | I66: Số dư đầu kỳ | J66: kg | K66: Cái | L66: 116666.67 | M66: 0 | N66: 0 | O66: 0 | P66: 0 | Q66: 0.12 | R66: 14000
A67: C | B67: Kho Nguyên vật liệu | C67: CX1NOA0008 | D67: Bulong Inox 304 M10x20 | I67: Số dư đầu kỳ | J67: kg | K67: Cái | L67: 151768.67 | M67: 0 | N67: 0 | O67: 0 | P67: 0 | Q67: 1.5 | R67: 227653
A68: C | B68: Kho Nguyên vật liệu | C68: CX1NOA0008 | D68: Bulong Inox 304 M10x20 | F68: 46261 | G68: 46261 | H68: XK26/262 | I68: Xuất kho sản xuất | J68: kg | K68: Cái | L68: 151768.72 | M68: 0 | N68: 0 | O68: 0.43478261 | P68: 65986 | Q68: 1.07 | R68: 161667 | S68: 152 | T68: 154 | U68: DX1TNJ0024 | V68: Rulo cuốn ống đơn cấp bằng nhôm 2 inch 60 feet. Model: HRS20A6003. Hiệu: TECHNOJET | W68: NVLTT | X68: Chi phí nguyên liệu, vật liệu trực tiếp
A69: C | B69: Kho Nguyên vật liệu | C69: CX1NOA0008 | D69: Bulong Inox 304 M10x20 | F69: 46286 | G69: 46286 | H69: XK26/310 | I69: Xuất kho sản xuất | J69: kg | K69: Cái | L69: 151769.18 | M69: 0 | N69: 0 | O69: 0.45652174 | P69: 69286 | Q69: 0.61 | R69: 92381 | S69: 152 | T69: 154 | U69: DX1TNJ0031 | V69: Rulo cuốn ống đôi rút tự động 3/8 inch x 60 feet. Model: DHRM38A6001-AC. Hiệu: TechnoJet | W69: NVLTT | X69: Chi phí nguyên liệu, vật liệu trực tiếp
A70: C | B70: Kho Nguyên vật liệu | C70: CX1NOA0008 | D70: Bulong Inox 304 M10x20 | F70: 46300 | G70: 46300 | H70: NK26/242 | I70: Nhập kho NVL thừa | J70: kg | K70: Cái | L70: 147200 | M70: 0.04347826 | N70: 6400 | O70: 0 | P70: 0 | Q70: 0.65 | R70: 98781 | S70: 152 | T70: 154 | U70: DX1TNJ0031 | V70: Rulo cuốn ống đôi rút tự động 3/8 inch x 60 feet. Model: DHRM38A6001-AC. Hiệu: TechnoJet | W70: NVLTT | X70: Chi phí nguyên liệu, vật liệu trực tiếp
A71: C | B71: Kho Nguyên vật liệu | C71: CX1NOA0008 | D71: Bulong Inox 304 M10x20 | F71: 46300 | G71: 46300 | H71: NK26/242 | I71: Nhập kho NVL thừa | J71: kg | K71: Cái | L71: 147200 | M71: 0.02173913 | N71: 3200 | O71: 0 | P71: 0 | Q71: 0.67 | R71: 101981 | S71: 152 | T71: 154 | U71: DX1TNJ0024 | V71: Rulo cuốn ống đơn cấp bằng nhôm 2 inch 60 feet. Model: HRS20A6003. Hiệu: TECHNOJET | W71: NVLTT | X71: Chi phí nguyên liệu, vật liệu trực tiếp
